대여소 그룹,팀명,대여소 명,대여 건수
중랑구,중랑3팀,4839. 혜원사거리 열정분식소 앞,1
성동구,테스트,9980. 에이텍,6
금천구,천왕3팀,3971. 순흥안씨묘 건너편,13
서초구,이수1팀,4314. 탑성마을 버스정거장 옆,14
서초구,이수1팀,4322.서울추모공원 입구,14
마포구,상암1팀,4245. 그랑자이 아파트,14
서초구,이수1팀,2286. 탑성마을입구,16
강남구,학여울1팀,2391. 구룡터널 입구(개포1단지아파트),19
서초구,이수1팀,2287. 능안마을입구,24
서초구,이수1팀,2536.서초종합체육관 입구,27
서초구,이수1팀,2288. 안골마을입구,30
성동구,중랑2팀,3527. 왕십리 자이아파트,41
서초구,이수1팀,2275. 염곡치안센터 건너편,47
강동구,천호1팀,3677. 강동구음식물재활용센터,50
송파구,천호2팀,4853. 송파 안전체험교육관,55
성동구,중랑2팀,4363. 신금호역 2번출구 앞,55
노원구,도봉2팀,1680. 삼육대 제3과학관,60
구로구,천왕1팀,3920. 개봉역2번출구 B,62
성동구,중랑2팀,3538. 서울숲 IT캐슬,62
강남구,학여울2팀,3610. 윗반마을 입구,65
서초구,이수1팀,2201. 본마을 정류소 앞,68
서초구,이수2팀,2506. LG유플러스 (방배사옥),73
광진구,중랑1팀,3878. 장로회신학대학교 주기철 기념관,73
구로구,천왕1팀,2813.항동지구 3단지 302동 앞,74
강남구,이수1팀,2393. 구룡사 앞 교차로 (보도육교),76
은평구,상암3팀,991.흥국사 정류장,76
마포구,상암1팀,3003.래미안신공덕3차아파트,77
종로구,세종로1팀,447. 신영동삼거리,78
양천구,개화4팀,4523. 구립양천어르신요양센터,79
양천구,개화4팀,4538. 양천공영차고지,79
강남구,학여울1팀,2395. 개포1단지아파트 입구 (보도육교),79
노원구,도봉2팀,4044. 공릉산 백세문 입구,82
강남구,학여울2팀,2343. 세곡사거리 대왕파출소 앞,82
서초구,이수1팀,2541.옛골 입구,83
종로구,세종로1팀,462. 신영동삼거리(북악터널방향),84
서초구,이수1팀,4310. 염곡동(염통골) 입구,85
강남구,학여울2팀,3624. 대모산입구역 7번 출구 앞,87
종로구,세종로1팀,4709. 천지인 오피스텔 앞,90
강남구,학여울1팀,3648. 구룡역 4번 출구,90
용산구,세종로3팀,865.하얏트호텔 앞,90
광진구,중랑1팀,3563.구의7단지현대아파트,90
관악구,영남2팀,3306.서울신우초등학교,91
은평구,상암3팀,938. 금암 문화공원,92
송파구,학여울2팀,2612. 문정·가락 대여소 앞,93
구로구,천왕1팀,2816.항동지구 8단지 803동옆(주차장입구),96
서초구,이수3팀,4305. 서일스포츠센터,96
성동구,중랑2팀,564. 금호역 3번출구,97
서초구,이수2팀,2289. 남태령역 2번출구,98
서초구,이수1팀,4323. 내곡도서관,98
동작구,영남2팀,2096.서울특별시 동작관악교육지원청,100
성동구,중랑2팀,3532. 왕십리KCC스위첸아파트,100
금천구,천왕3팀,1855. 성지아파트 옆 도로변,101
중랑구,중랑3팀,1424. 양원역 2번출구,104
관악구,이수2팀,2199.신봉천주유소 A,105
은평구,상암3팀,937. 상림마을 롯데캐슬2단지 옆,105
송파구,천호2팀,4879. 마천청소년센터,106
서초구,이수1팀,4309. 서초케이타운앞,106
성동구,중랑2팀,523. 옥수동성당 옆,106
금천구,천왕3팀,3970. 시흥4동주민센터 앞,107
강동구,천호1팀,1089.고덕 래미안힐스테이트(201동),107
서초구,이수1팀,2207. 내곡파출소 뒤 정자,110
구로구,천왕1팀,2810.항동지구 3단지 311동 앞,111
종로구,훈련원1팀,3401.창신두산아파트,111
은평구,상암3팀,924. 메뚜기다리,112
용산구,세종로3팀,859.남산공원 야외식물원 앞,113
금천구,천왕3팀,3972. 산기슭공원 앞,114
서초구,이수1팀,2257. 청계산 입구 삼거리,115
용산구,세종로3팀,854.HID 유족동지회 앞,115
관악구,영남2팀,2141. 미림여고입구 교차로,117
서대문구,상암2팀,4265. 안산초등학교 앞,117
종로구,세종로1팀,4702. 평창동 주민센터,118
금천구,천왕3팀,1852. 혜명양로원 담장 옆,119
강서구,개화1팀,3781. 강서아동복지센터,119
강남구,학여울2팀,2425.세곡동 사거리(대왕초등학교 정류장),119
강북구,도봉4팀,1550.삼각산아이원아파트(105동 옆),120
구로구,천왕1팀,2806.항동지구 4단지 입구,120
구로구,천왕1팀,3915. 동선아파트 앞,120
중랑구,중랑3팀,1467.sk신내 주유소앞(용마산로),120
용산구,세종로 4팀,4617. 동원베네스트 건너편,122
송파구,학여울2팀,1242. 문정 법조단지6,122
강북구,도봉4팀,1572. 우이동 먹거리마을,123
관악구,이수2팀,3802. 관악구민체육센터,127
중구,세종로 4팀,4782. 서소문역사공원,127
서초구,이수3팀,4324. 세화고등학교,127
노원구,도봉2팀,1675. 월계문화체육센터,127
용산구,세종로3팀,803. 한남초교 앞 보도육교,128
서초구,이수1팀,2248. 서초리슈빌S 글로벌 앞,128
강동구,천호1팀,1039. 고덕초등학교,129
강동구,천호1팀,1052. 리싸이클시티,130
종로구,훈련원1팀,3418.창신역2번 출구,131
종로구,훈련원1팀,3404.서울특별시 중부교육지원청,131
중구,훈련원1팀,381. 장충체육관,131
중구,세종로 4팀,4801. 충정로역 2호선(엘리베이터 앞),132
금천구,천왕3팀,1861.IBK기업은행 석수역 지점 앞,132
강동구,천호1팀,3652. 한영외국어고등학교,134
서초구,이수3팀,2517.서초3교(효령로69길 방면),136
송파구,천호2팀,4883. 위례포레샤인18단지 1812동,137
동작구,이수2팀,2040. 비계 버스정류소,138
용산구,세종로 4팀,827. 국군복지단,138
서초구,이수3팀,2532.국립국악원 앞,138
구로구,천왕1팀,2805.구로자원순환센터,139
도봉구,도봉3팀,1730. 도봉산역 교차로 앞,139
구로구,천왕1팀,1951. 천왕이펜하우스 4단지 후문,140
성동구,중랑2팀,556. 달맞이공원,141
은평구,상암3팀,968. 은평뉴타운 상림마을 13단지,141
강남구,학여울1팀,2392. 구룡산 입구 (구룡산 서울둘레길 입구),141
영등포구,영남3팀,5852. 대림동현대2차 201동 앞,143
용산구,세종로3팀,4612. 한남 준 J.FSS 앞,143
중랑구,중랑3팀,4840. 서울시 북부병원 앞,144
중랑구,중랑3팀,4802. 새우개마을,145
용산구,세종로3팀,855.이촌역5번출구 앞,146
송파구,천호2팀,1283. 오금공원 사거리,147
강남구,학여울2팀,2403. 공무원연금매점 교차로 (개포주공9단지 입구),147
강남구,학여울1팀,3647. 구룡역 1번 출구,147
송파구,학여울2팀,2659.서울친환경유통센터,148
강남구,학여울2팀,3602. 한국지역난방공사강남지사,148
중구,훈련원1팀,4777. 약수동 주민센터,148
강동구,천호1팀,1066.생태공원앞 교차로(조명탑),148
동작구,이수2팀,2061. 한강 현대아파트 건너편,150
송파구,천호2팀,2609. 보성중고등학교 후문 앞,151
동작구,이수2팀,2068. 총신대 앞(육교),151
은평구,상암3팀,974.연신초등학교옆 마을마당,152
강동구,천호1팀,3539. 서원마을,153
중구,세종로 4팀,4760. 서울역 7번출구,154
종로구,세종로2팀,465. 삼청공원 앞,154
강남구,학여울2팀,2383. 보금자리정원,154
용산구,세종로 4팀,4621. 남산도서관 앞,154
구로구,천왕1팀,1969. 궁동생태공원,156
성북구,훈련원2팀,1392.돈암삼성풍림아파트,156
서초구,이수2팀,2284. CJ오쇼핑앞,157
광진구,중랑1팀,3524. 세종대학교,158
관악구,이수2팀,3810. 신봉천주유소 B,158
서초구,이수3팀,2527.반포중학교 앞(세화여고 맞은편),159
금천구,천왕3팀,1864.산호시티빌 옆,159
강서구,개화1팀,1101. 개화동상사마을종점 버스정류장,159
강남구,학여울1팀,3620. 청담역 11번 출구,159
동작구,이수2팀,2079.중앙대학교 중앙광장,161
구로구,천왕1팀,3911. 항동하버리안2단지아파트 후문,161
서초구,이수3팀,2519.서초2교(사임당로 방면),162
중랑구,중랑3팀,4830. 신내 우디안 111동 앞,163
금천구,천왕3팀,3967. 혜명양로원 담장 옆(2),165
종로구,세종로1팀,3430.구기치안센터 앞,165
송파구,천호2팀,4479. 문정중학교,165
성동구,중랑2팀,3561.행당동 삼부APT후문,165
금천구,천왕3팀,1866.서울안천초등학교 옆,166
중구,세종로 4팀,443.호암아트홀,166
성북구,훈련원2팀,4417. 성북청소년문화의집,166
영등포구,영남3팀,200. 국회의원회관,166
송파구,천호2팀,4896. 위례포레샤인15단지,167
종로구,세종로1팀,3403.서울특별시 교육청,168
강동구,천호1팀,3692. 둔촌오륜역 1번 출구,168
동작구,이수2팀,2092.흑석한강푸르지오(110동),168
금천구,천왕3팀,1842. 한울중학교,170
노원구,도봉2팀,4021. 중계본동 입구,172
중랑구,중랑3팀,1406. 망우청소년수련관,173
강남구,학여울1팀,3649. 구룡역 5번 출구,173
서초구,이수2팀,2225.백석예술대학교 제3캠퍼스 앞,174
강북구,도봉4팀,3714. 송천센트레빌,174
서초구,이수1팀,2249. 우솔초등학교 맞은편,175
중랑구,중랑3팀,4821. 동원초등학교 정문 앞,175
영등포구,영남3팀,4584. 국회2문,175
성북구,훈련원2팀,1379.길음뉴타운푸르지오아파트 3단지,176
금천구,천왕3팀,3974. 안천중학교,176
성북구,훈련원2팀,1352. e 편한세상 보문아파트 내,177
서초구,이수3팀,2526.반포경남쇼핑 앞,178
구로구,천왕1팀,2809.항동지구 11단지 1103동 앞,178
양천구,개화2팀,4519. 양원보도육교,178
용산구,세종로3팀,831. 이태원관광특구입구,178
용산구,세종로3팀,4611. 국제루터교회 앞,179
서초구,이수1팀,4319. 삼성전자R&D어린이집 뒤,179
중랑구,중랑3팀,1453. 중랑캠핑숲,181
중구,세종로 4팀,484.도동삼거리,181
강동구,천호1팀,3672. 고덕중학교 후문,182
종로구,세종로1팀,3429.HW컨벤션센터 앞,182
중랑구,중랑3팀,1445. 용마지구대,182
성북구,훈련원2팀,1377. 한국과학기술연구원 북문,183
성북구,훈련원2팀,1342. 성북쉼터 앞,185
관악구,이수2팀,3806. 낙성대 교수아파트,185
중랑구,중랑3팀,4834. 용마복지센터 앞,186
강동구,천호1팀,1062. 고덕숲 아이파크 2,186
은평구,상암3팀,4668. 기자촌사거리,187
동작구,영남2팀,4162. 노량진1동 청소년독서실,187
강남구,학여울1팀,3622. 은마아파트입구 사거리(1),187
구로구,천왕1팀,2808.항동지구 2단지 202동 앞,187
중구,세종로 4팀,384. 종로학원본원,188
송파구,천호2팀,4888. 둔촌오륜역 2번출구,188
마포구,상암1팀,4240. 아현문화건강센터,189
강남구,학여울2팀,2401. 밀알학교 입구 (삼성서울병원 입구),191
은평구,상암3팀,4681.박석고개(은평소방서) 앞,192
서대문구,상암2팀,3111.무악재역 4번 출구,192
구로구,천왕1팀,2814.항동지구 10단지 1001동 앞,192
강동구,천호1팀,3661. 명일동신동아아파트 앞,192
강남구,학여울1팀,2354. 청담역 2번출구,192
중구,훈련원1팀,429. 송도병원,194
강동구,천호1팀,1082.중앙보훈병원역3번출구,194
동작구,이수2팀,2078.흑석 아크로리버하임(103동),195
은평구,상암3팀,977.신도중학교앞,195
은평구,상암3팀,992.북한산입구 정류장,195
중구,세종로 4팀,4772. 중앙일보,196
구로구,천왕1팀,3902. 항동지구5단지 501동 앞,196
강남구,학여울2팀,3637. 세곡데이케어센터,196
은평구,상암3팀,969. 은평 지웰테라스,197
강동구,천호1팀,1007.암사동 선사유적지,197
구로구,천왕1팀,2807.항동지구 1단지 105동 앞,198
마포구,상암1팀,422. 문화비축기지,199
송파구,천호2팀,4473. 마천금호어울림 1차 102동앞,199
관악구,이수2팀,2130. 영어마을 관악캠프,201
중랑구,중랑3팀,1422. 신내우디안아파트 1단지,201
영등포구,영남3팀,4582. 국회도서관,201
성동구,중랑2팀,569. 응봉현대아파트 정류소,201
중랑구,중랑3팀,1463.중랑구민회관,203
동작구,이수2팀,2093.상도SH빌아파트 입구,204
성북구,훈련원2팀,1376. 한국과학기술연구원 중문,204
중랑구,중랑3팀,4829. 신내동 한살림 중랑지구 북축,205
금천구,천왕3팀,1836. 금천구립 독산도서관,205
중구,세종로 4팀,4766. 서소문성지역사박물관,206
금천구,천왕3팀,1857. 주공14단지,206
구로구,천왕1팀,3910. 목양전원교회 앞 로터리,207
서대문구,상암1팀,4266.국민연금공단충정로사옥,207
강남구,학여울1팀,3616. 역삼중학교 앞(체육관 방향),207
종로구,세종로1팀,486. 평창동주민센터 앞,207
관악구,이수2팀,2165. JK장평타워,208
금천구,천왕3팀,1816. 금천폭포공원 앞,208
영등포구,영남3팀,4583. 의정관,210
서초구,이수3팀,2282. 방배래미안아트힐 101동앞,210
노원구,도봉2팀,1679. 삼육대 도서관,212
강서구,개화1팀,1200. 개화광역환승센터,212
종로구,세종로1팀,3428.서울미술관,212
강남구,학여울2팀,2376. 수서역 6번출구 앞,213
성동구,중랑2팀,3555.양지사거리(센트라스APT 115동앞),214
용산구,세종로3팀,4609. 파크타워 104동 앞,215
동작구,영남2팀,4158. 노량진근린공원,215
금천구,천왕3팀,1847. 독산주공 14단지 버스정류소,215
서초구,이수3팀,2533.한가람미술관 앞,215
서초구,이수2팀,2226. 신동아럭스빌아파트 앞,215
금천구,천왕3팀,3973. 독산2동주민센터 앞,218
강동구,천호1팀,1053. 동명근린공원 진입로 (아리수로),219
영등포구,영남3팀,297.국회3문,219
용산구,세종로3팀,4613. 서울갤러리아 앞,219
송파구,학여울2팀,4488. 문현중.고등학교 사이,219
강남구,학여울1팀,2390. 구룡마을 입구 (래미안블레스티지 아파트),219
동작구,이수2팀,2064. 흑석한강푸르지오 106동앞,220
서초구,이수3팀,2269. 주홍교 하부,220
강서구,개화2팀,3766. 강서문화센터,220
서초구,이수3팀,2510. JW타워,222
금천구,천왕3팀,1820. 신한은행 시흥대로금융센터지점,222
강남구,학여울1팀,4902. 구역삼세무서 교차로,223
영등포구,영남3팀,4585. 국회6문,223
광진구,중랑1팀,3564.나루마당,223
마포구,상암1팀,4239. 성산2동 주민센터,225
은평구,상암3팀,966. 서울혁신파크1,225
강동구,천호1팀,1071.명일근린공원공동체텃밭,225
관악구,영남2팀,2184. 구암초등학교 버스정류장,226
금천구,천왕3팀,1823. 상신정비공업 앞,227
강동구,천호1팀,1034. 고덕동 래미안 힐스테이트,227
강동구,천호1팀,1038. 강일 다솜 어린이 공원,227
구로구,천왕1팀,2817.천왕이펜하우스5단지 앞,228
강남구,학여울1팀,3615. 서울 논현동우체국 앞,229
종로구,세종로1팀,451. 청와대앞길,229
강남구,학여울1팀,2334. 삼호아파트 2동 ( 간선도로),229
강남구,학여울1팀,2427.개포고등학교 정문앞,229
중랑구,중랑3팀,1477.면목삼익아파트 앞,230
도봉구,도봉3팀,4084. 도봉동실내스포츠센터,231
서대문구,상암2팀,4262. 서대문자연사박물관 입구,232
서초구,이수1팀,2258.구룡사 삼거리,232
동대문구,훈련원4팀,616. 서울시립대 앞,232
중랑구,중랑3팀,1410. 면목 대원칸타빌아파트,232
은평구,상암3팀,973.제각말푸르지오 5-1단지 아파트,233
도봉구,도봉3팀,1756.서울북부광역등기국,233
서초구,이수3팀,4315. 이투스교육 앞,234
금천구,천왕3팀,3980. 금천현대홈타운 후문 서부샛길,234
용산구,세종로3팀,4622. 한강중학교 앞 버스정류장,234
강동구,천호1팀,3674. 강동리버스트7단지,235
서초구,이수3팀,4327. 몽마르뜨공원입구,235
강북구,도봉4팀,3703. 신성교회 앞,235
영등포구,영남3팀,295.영등포공원 분수대 앞,236
구로구,천왕1팀,2818.천왕이펜하우스3단지 앞,236
서초구,이수3팀,2548.반포1동 자율방범초소 옆,237
용산구,세종로3팀,4634. 이태원역 3번 출구,237
중구,훈련원1팀,4800. 필동 삼거리,238
은평구,상암3팀,945. 기자촌 사거리,238
서대문구,상암2팀,3109.북한산더? 106동 앞,239
용산구,세종로3팀,812. 용산전쟁기념관,239
성동구,중랑2팀,3551.성동도로사업소,239
노원구,도봉1팀,4043. 상계주공13단지 1301동,239
광진구,중랑1팀,3503. 광진유진스웰,239
금천구,천왕3팀,1865.금천구청앞(M빌딩),239
강남구,학여울1팀,2386. 크린랩 본사,239
송파구,천호2팀,1291. 서울체육고등학교 앞,239
성북구,훈련원2팀,1314. 정릉꿈에그린1단지 201동 앞,240
도봉구,도봉3팀,1723. 방학동학마을도서관,240
강서구,개화2팀,5076. 메이필드호텔앞,241
강남구,학여울1팀,2417.선정릉 디캠프(D.CAMP)앞,241
동작구,이수2팀,2041. 사당중학교 버스정류소,241
성동구,중랑2팀,534. 금호사거리,241
도봉구,도봉3팀,1717. 시립창동운동장 입구,242
영등포구,영남3팀,4580. 국회3문,242
중랑구,중랑3팀,1418. 새솔초등학교,243
광진구,중랑1팀,3543. 세종대학교(학술정보원),243
서초구,이수1팀,2256.양재동 꽃시장 입구,244
용산구,세종로 4팀,4625. 용산공원갤러리앞,245
송파구,천호2팀,1279. 마천금호어울림 1차아파트 건너편,245
마포구,상암1팀,4247. 서울서부지방법원등기국앞,245
금천구,천왕2팀,1850. 코오롱테크노밸리,245
은평구,상암3팀,4672. 준빌딩 앞,245
강동구,천호1팀,3690. 강일역 4번출구,246
은평구,상암3팀,959. 구파발10단지 인근,246
중랑구,중랑3팀,4815. 중랑데시앙플렉스 앞,246
송파구,천호2팀,4881. 거여동사거리 송파둘레길 입구,246
구로구,천왕2팀,1979. 구로1동우체국 앞,246
서초구,이수1팀,4329. SC제일은행 양재동지점 앞,246
서초구,이수1팀,2270. 서초포레스타 7단지,247
서초구,이수1팀,2203. 청계산입구역 2번출구,247
동작구,이수2팀,4153. 흑석동효사정앞,248
강남구,학여울1팀,2352. 서울본부세관(건설회관 앞),248
용산구,세종로 4팀,851.효창 푸르지오 앞,249
용산구,세종로3팀,4608. 국립중앙박물관 정문 앞,249
강남구,학여울2팀,3611. 방죽마을 입구,249
마포구,상암1팀,489.구룡근린공원,250
종로구,세종로1팀,3431.로제우스 레포츠센터,250
도봉구,도봉3팀,1703. 도봉산광역환승센터앞,251
동대문구,훈련원4팀,681.서울특별시 동부교육지원청(육교),252
강남구,학여울1팀,2304. 대현그린타워,252
용산구,세종로 4팀,4604. 원효로다목적체육관 앞,252
강남구,학여울2팀,2344. 리엔파크 2단지 앞,252
송파구,학여울2팀,4885. 가든파이브 리빙관,252
은평구,상암2팀,4678. 백련산로 녹번센트레빌,252
강남구,학여울2팀,2351. 청소년수련관(수영장)앞,253
마포구,상암1팀,410. 상암중학교 옆,254
송파구,천호2팀,2649.오금공원사거리2,254
강동구,천호1팀,3659. 명일초등학교 옆,255
양천구,개화2팀,741. 화곡로 입구 교차로,255
중랑구,중랑3팀,4838.동원사거리 행복오피스텔 앞,255
동대문구,훈련원4팀,679.전농SK아파트 앞,255
동작구,이수2팀,2083.흑석롯데캐슬에듀포레(107동),255
용산구,세종로3팀,822. 이촌1동 마을공원,257
강북구,도봉4팀,1571.북서울 꿈의 숲 입구,258
송파구,학여울2팀,4490. 송파파인타운 10단지 1005동,259
은평구,상암2팀,934. 신사동 성당,260
서초구,이수1팀,2516.본마을 노인복지센터 앞,260
은평구,상암3팀,928. 은평역사한옥박물관,261
은평구,상암3팀,921. 신도고등학교,261
송파구,학여울2팀,1263. 장지공영차고지,262
서초구,이수3팀,2535.신반포역 3번출구 뒤,263
강서구,개화1팀,1105. 방화근린공원,264
동작구,이수2팀,2038. 동작역 7번출구,264
구로구,천왕2팀,2825.초롱타운 앞,265
송파구,천호2팀,4461. 한양3차아파트 3동 앞,265
영등포구,영남3팀,4581. 국회소통관,265
성동구,중랑2팀,3531. 논골사거리(금호도서관 입구),265
강북구,도봉4팀,1541. 삼양역,265
용산구,세종로3팀,4632. 용산 푸르지오 파크타운 1단지 앞,266
서초구,이수3팀,4312. 반포미도2차아파트 옆,266
동작구,이수2팀,2094.숭실대학교(중문),266
강동구,천호1팀,1006. 롯데캐슬 115동앞,267
강서구,개화1팀,1188. 롯데중앙연구소,267
중구,세종로2팀,466.롯데호텔,268
송파구,학여울2팀,1250.문정2동 주민센터,268
강남구,학여울1팀,2370. 한티역 3번출구,268
용산구,세종로3팀,847. 국방부민원실옆,268
은평구,상암3팀,942. 상림마을 생태공원,269
송파구,천호2팀,4862. 성내교 남단,269
금천구,천왕3팀,1853. 서울디자인직업전문학교 앞,270
도봉구,도봉3팀,1731. 도봉고등학교 맞은편,271
구로구,천왕1팀,2804.항동지구 6단지 602동 앞,271
노원구,도봉1팀,1635. 상계3.4동 주민센터 대여소,272
강남구,학여울1팀,3636. 삼성중앙역·플래티넘아파트 정류소,272
강북구,도봉4팀,1538. 솔밭공원역,273
은평구,상암3팀,952. 서울연신중학교,274
강북구,도봉4팀,1558.강북문화정보도서관,274
강남구,학여울1팀,2350. 래미안그레이튼102동앞,274
중구,세종로2팀,467.한국은행,275
강동구,천호1팀,1032. 선사고등학교,275
중구,세종로 4팀,442.서울역 서부,276
성동구,중랑2팀,524. 래미안금호하이리버 아파트 102동 옆,276
성북구,훈련원2팀,4415. 미아초교버스승강장,276
강북구,도봉4팀,1573.현대성우아파트 옆,276
강남구,학여울1팀,2336. 강남세브란스교차로 래미안그레이튼 104동 앞,276
서초구,이수1팀,2539.대한무역투자진흥공사 KOTRA 앞,277
강남구,학여울1팀,3630. 개포우성6차아파트 정문 앞,277
송파구,천호2팀,1271. 송파도서관,278
금천구,천왕3팀,1858. 500번·507번 버스 종점 앞,279
강동구,천호1팀,1037. 강일리버파크 6단지,279
서대문구,상암2팀,3126.남가좌동 제2공영주차장,280
성북구,훈련원2팀,1366. 일신초등학교 옆,280
강동구,천호1팀,3663. 암사정수센터교차로(강동롯데캐슬퍼스트아파트),282
서초구,이수2팀,2283. 그룹한빌딩옆,282
강서구,개화1팀,2716.롯데 R&D 센터,282
은평구,상암3팀,902. 진관동 은빛초등학교,283
서초구,이수3팀,2210. 반포1동 주민센터 앞,283
동대문구,훈련원4팀,608. 전농삼성아파트,283
성동구,중랑2팀,533. 금남시장 교차로,284
강남구,학여울1팀,2305. MCM 본사 직영점 앞,284
강남구,이수1팀,3634. 국악고교 앞 교차로,285
강남구,학여울1팀,3621. 휘문고교 사거리,285
구로구,천왕1팀,1971. 오정초교 앞 보도육교,285
강서구,개화2팀,1181. 농수산식품공사 (강서지사),285
강남구,학여울1팀,3638. 신청담나들목,286
용산구,세종로3팀,867.서빙고역 광장(1번출구),287
강남구,학여울1팀,2428.롯데리아 개포점앞,287
강북구,도봉4팀,1510. 번동주공5단지 관리사무소 앞,287
송파구,천호2팀,4892. 성내유수지 체육공원,288
중랑구,중랑3팀,1459. 용마한신아파트사거리,288
중랑구,중랑3팀,1435. 능산삼거리,289
용산구,세종로 4팀,4602. 숙명여대앞 버스정류소 주변,291
도봉구,도봉3팀,1728. 서울북부지방법원,291
노원구,도봉2팀,2907. 월계중학교,292
양천구,개화4팀,4516. 신진빌라,292
강동구,천호1팀,1054. 말우물 어린이 공원,292
도봉구,도봉3팀,1714. 도봉문화정보도서관 삼거리,292
은평구,상암3팀,995.은평다목적체육관,293
강남구,학여울1팀,2371. 한국우편사업진흥원,293
성동구,중랑2팀,3530. 왕십리자이아파트 후문(삼거리),293
서초구,이수3팀,2235.KT 서초지사 앞,293
서대문구,상암1팀,3114.충정로역 3번 출구,294
서초구,이수2팀,2223. 방배래미안 정문 앞,294
강남구,학여울2팀,3612. 은곡마을,295
강동구,천호1팀,3688. 상일동산(동아아파트앞 교차로),295
용산구,세종로 4팀,830. 청암자이아파트앞,295
구로구,천왕1팀,1967. 참새공원(백곡경노당),295
송파구,학여울2팀,2650.위례22단지 2208동 다리앞,295
송파구,학여울2팀,1290. 위례송파꿈에그린아파트24단지 앞 성벽 다리 밑,295
중랑구,중랑3팀,1427. 용마산역 1번출구,296
강북구,도봉4팀,1511. 번동 금호어울림아파트102동앞,296
강남구,학여울1팀,3646. 선정릉역 4번 출구,297
성동구,중랑2팀,522. 금호역 1번출구 앞,297
성북구,훈련원2팀,1393.돈암육교 하단,298
은평구,상암3팀,994.북한산생태공원입구(교통섬),298
강동구,천호1팀,3682. 길동 동호빌딩,299
중랑구,중랑3팀,1466.두산대림아파트 삼거리,300
광진구,중랑1팀,3521. 현대홈타운 뒷길,300
용산구,세종로 4팀,823. 효창동주민센터 앞,300
관악구,영남2팀,2172. 나들목공원,302
양천구,천왕1팀,767.신정숲속마을아파트,302
종로구,세종로1팀,449. 일성아파트,302
서초구,이수1팀,2241.양재전화국 사거리,304
중구,세종로2팀,469.회현역 1번출구,305
은평구,상암2팀,4658. 녹번역1번출구앞,306
노원구,도봉1팀,1652. 파르코 앞,307
강서구,개화2팀,3799. 국립항공박물관,308
서대문구,상암1팀,3117.이화여대 인문관 인근,308
은평구,상암3팀,4667. 폭포동입구 교차로,308
강동구,천호1팀,1079.강일동입구교차로,308
송파구,학여울2팀,4863. 잠실나들목5,309
노원구,도봉2팀,1660. 서울시립과학관,310
마포구,상암1팀,3006. 상암월드컵파크5단지(상암중학교),310
금천구,천왕3팀,1863.위너스 스포츠클럽 골프연습장옆,311
서초구,이수3팀,4304. 서울고앞,311
영등포구,영남3팀,4579. 국회의사당 본관,312
관악구,영남2팀,2143. 서울산업정보학교,312
구로구,천왕1팀,1992. 구로구배드민턴실내체육관 앞,312
중랑구,중랑3팀,4807. 라코지스테이 앞,312
성북구,훈련원2팀,1353. 금호어울림센터힐 내,312
강서구,개화2팀,1161. 강서면허시험장 앞,313
은평구,상암3팀,947. 연신내 선일하이츠빌 정류소,313
강동구,천호1팀,1058. 고덕숲 아이파크 1,314
성북구,훈련원2팀,1370. 복자사랑 피정의 집,314
금천구,천왕3팀,1826. 한신코아 앞,314
은평구,상암3팀,967. 서울혁신파크2,314
강남구,학여울1팀,2363. 강남 을지병원 교차로,315
강북구,도봉4팀,1513. 강북구청 뒷편,316
마포구,상암1팀,3005.마포구청 청사내,316
강북구,도봉4팀,1546. 송천동우체국,317
용산구,세종로3팀,858.녹사평역3번 출구,317
마포구,상암1팀,494.신수동주민센터,318
영등포구,영남3팀,4573. 두산위브아파트,318
강동구,천호1팀,3654. 강동리버스트4단지아파트 405동 앞,318
구로구,천왕1팀,3917. 성공회대학교,318
노원구,도봉1팀,4035. 수락 행복발전소 앞,319
관악구,이수2팀,3804. 낙성대공원,319
성북구,훈련원2팀,1323. 월곡역 입구 육교 밑,319
강남구,학여울2팀,3643. 더시그넘하우스 앞,320
강서구,개화1팀,1196. 서울식물원(문화센터) 건너편,320
중랑구,중랑3팀,4811. 한양수자인아파트 앞,321
송파구,천호2팀,4882. 위례포레샤인18단지 1802동,321
서대문구,상암2팀,3124.DMC센트럴아이파크아파트,321
용산구,세종로3팀,4610. 한남나인원 105동 앞,321
중구,세종로2팀,4761. 탐앤탐스 을지로3가점,321
관악구,이수2팀,2159. 인헌초교,322
성동구,중랑2팀,3556.신금호파크자이APT앞,322
종로구,세종로1팀,3426.독립문역 2번출구 뒤,322
종로구,세종로2팀,352. 중앙고입구 삼거리,324
강남구,학여울2팀,3641. 대청역,324
중랑구,중랑3팀,1412. 면목초등학교,325
도봉구,도봉3팀,4064. 신창아파트 입구 앞,326
중구,훈련원1팀,479.동대입구역 3번 출구,327
강서구,개화2팀,3765. 문소빌딩,327
강남구,학여울1팀,2398. 더라움,327
금천구,천왕2팀,1849. 대륭포스트타워5차,328
강남구,학여울1팀,2347. 두산건설 본사,330
금천구,천왕3팀,3958. 롯데캐슬2차 마을버스 정류장(18804) 뒤편,330
서초구,이수3팀,2280. 서울서초고용센터앞,332
송파구,천호2팀,4857. 올림픽공원 장미광장,332
금천구,천왕3팀,1819. 금천구청 앞 자전거거치대,332
종로구,세종로1팀,3427.인왕산 아이파크 정문,333
강남구,학여울2팀,3640. 일원1동주민센터앞 사거리,334
영등포구,영남3팀,4591. 신길자이아파트,334
강남구,학여울1팀,2309. 청담역(우리들병원 앞),335
용산구,세종로3팀,4607. 국립중앙박물관 -용산가족공원 앞,335
도봉구,도봉3팀,1768.신동아타워 버스정류소,335
성북구,훈련원2팀,1365. 선잠단지 앞,335
구로구,천왕2팀,1910. 낙원교회 맞은편,336
노원구,도봉2팀,4045. 은하수 공원,336
구로구,천왕1팀,1943. 온수역 북측,336
마포구,상암1팀,491.월드컵파크 4단지,337
동작구,이수2팀,2048. 삼일초등학교 인근,338
용산구,세종로3팀,869.노들섬 동측 앞,339
중구,세종로 4팀,435. SK 남산빌딩,340
중구,세종로2팀,4785. 롯데시티호텔,340
강동구,천호1팀,3675. 강동리버스트8단지,340
서초구,이수3팀,2298. 래미안서초스위트앞,341
송파구,학여울2팀,4874. 탄천1교 하부보도,341
도봉구,도봉3팀,4075. 방학신동아아파트 11동 앞,342
강북구,도봉4팀,1539. 4.19민주묘지역,342
마포구,상암1팀,4234. 에스테반,342
서초구,이수2팀,2281. 연세사랑병원신관앞,343
은평구,상암2팀,978.녹번 힐스테이트상가앞,344
강동구,천호1팀,1056. 강일리버파크 7~11단지,344
강남구,학여울1팀,2382. 역삼동 sk뷰 501동앞,344
서초구,이수3팀,2545.국립중앙도서관(국제회의장옆),344
중구,세종로2팀,4776. 신세계면세점,345
송파구,천호2팀,4474. 가락현대 1차 11동 앞,346
동대문구,훈련원4팀,621. 동대문중학교 옆,346
송파구,학여울2팀,1241. 문정 법조단지5,347
구로구,천왕1팀,3912. 삼호아파트 앞,347
관악구,이수2팀,3813. 낙성대역 5번출구,348
양천구,천왕1팀,724. 계남공원 입구 주출입구 좌측,348
중랑구,중랑3팀,1426. 면목도시개발아파트 1동 앞,348
중구,세종로2팀,4762. 국제빌딩,350
강동구,천호1팀,1067.한영중고앞사거리,350
관악구,이수2팀,3307.봉천고개 육교,350
서대문구,상암1팀,3100. 북성초교,351
광진구,중랑1팀,575. 대원중고교 입구(대하빌딩),351
서대문구,상암2팀,3132.홍제교,351
양천구,영남1팀,4536. 양천해누리체육공원,352
강동구,천호1팀,3691. 둔촌역 2번출구,352
노원구,도봉2팀,4040. 공릉로 26길,352
마포구,상암1팀,127. 현대벤처빌 앞,353
동작구,영남2팀,4167. 구로교 아래,353
강남구,학여울1팀,2358. 구룡초사거리 (현대아파트10동 앞 ),353
금천구,천왕3팀,1868.우리은행 시흥남자동화점 앞,353
서초구,이수1팀,2550.양재동 꽃시장 건너편,353
송파구,천호2팀,1213. 백토공원 앞,354
강서구,개화2팀,5072. 김포공항입구 교통섬,354
강동구,천호1팀,1069.강동경희대학교병원 입구,355
용산구,세종로3팀,863.이촌역2번 출구,355
성북구,훈련원2팀,1316. 고려사대부속중고 건너편,356
금천구,천왕3팀,3968. 독산동 현대홈타운 금천과선교 앞,356
성동구,중랑2팀,3557.서울숲리버뷰자이APT105동 앞,357
송파구,학여울2팀,4887. 호돌이상가,357
송파구,천호2팀,4861. 거여삼거리,357
영등포구,영남3팀,250. 대림아파트 사거리,358
용산구,세종로3팀,4623. 라인프랜즈이태원점 앞,358
강서구,개화1팀,3776. 김포공항교차로,359
관악구,영남2팀,3807. 관악우체국 교차로,359
서초구,이수3팀,2547.포드서초서비스센터앞,359
중구,훈련원1팀,483.남산타운아파트 버스정류장,360
서대문구,상암2팀,3105. 홍은센트레빌 아파트 앞,360
은평구,상암2팀,4665. 응암역3번 출구(서부경찰서 방면),360
금천구,천왕3팀,1825. 한신아파트 앞 육교 아래,361
관악구,영남2팀,2190.도원맨션,361
구로구,천왕1팀,2812.항동프라자,362
서대문구,상암2팀,163. 명지전문대학교 정문 앞,362
중랑구,중랑3팀,4836. 양원역 1번 출구,363
구로구,천왕2팀,2826.가마산지하보도 옆,363
강남구,학여울1팀,2318. 삼성중앙역4번출구(문화센터더 리빌),364
강남구,학여울1팀,3629. 청담사거리(신한오피스텔빌딩 앞),365
송파구,천호2팀,1289. 풍납토성 서성벽터B,366
종로구,훈련원1팀,397. 종묘공영주차장 건너편,366
용산구,세종로3팀,802. 한강진역 2번 출구 앞,367
강북구,도봉4팀,1522. 월드전기조명인테리어(우이동),367
강북구,도봉4팀,1551.4.19탑 앞,368
송파구,천호2팀,2643.풍납중학교 측면,368
강남구,학여울1팀,2388. 강남구 도시관리공단,368
영등포구,영남3팀,4599. 대림우성아파트 사거리,368
강남구,이수1팀,3609. 언주초등학교 입구,368
강북구,도봉4팀,1504. 다이소 삼양시장점,369
동대문구,훈련원3팀,4116. 이문e편한세상아파트 앞,369
서대문구,상암2팀,3127.홍은2파출소 옆,369
관악구,영남2팀,3310.영락고등학교,370
강북구,도봉4팀,1547. 꿈의숲 롯데캐슬,370
성북구,훈련원2팀,1347. 길음래미안아파트817동 상가 앞,371
중구,세종로 4팀,4781. 브라운스위트레지던스,371
강서구,개화3팀,1183. KC 대학교,371
강남구,이수3팀,2406. 논현동 광명빌딩 앞,372
도봉구,도봉3팀,1732. 우리은행 앞,372
동작구,이수2팀,2071. 대림아파트 후문 상가 옆,373
중구,세종로2팀,4784. 중부경찰서앞 사거리,373
중구,훈련원1팀,428. 명보사거리,374
양천구,개화4팀,710. 금옥여고보도육교,374
도봉구,도봉3팀,1757.솔밭공원역 1번출구 앞,375
은평구,상암3팀,964. 북한산힐스테이트 7차아파트,375
성동구,중랑2팀,526. 용답토속공원 앞,375
구로구,천왕1팀,1999. 수궁동 성당 주변,376
도봉구,도봉3팀,4083.도봉아이나라도서관 앞,376
중구,세종로2팀,470.회현역 7번출구,378
송파구,천호2팀,2616. 거여동 사거리,378
중랑구,중랑3팀,1436. 동원베네스트 건물 앞,379
강남구,학여울1팀,2307. 압구정 한양 3차 아파트,379
중랑구,중랑3팀,4827. 신내SK V1센터 앞,379
강동구,천호1팀,3686. 고덕 래미안 힐스테이트(101동),380
서초구,이수1팀,2285. LH서초3단지 301동 맞은편,380
도봉구,도봉3팀,1725. 창1동주민센터,380
강남구,학여울2팀,3644. 상록수아파트,380
강동구,천호1팀,1031. 올림픽로 836(아리수로),381
강남구,학여울1팀,2349. 역삼빌딩 앞(하나은행 옆),381
은평구,상암2팀,971. 역촌 센트레빌 아파트,381
구로구,천왕1팀,2815.항동지구 7단지 정문,381
은평구,상암3팀,4676. 갈현1동 주민센터,382
서초구,이수3팀,4313. 반포종합운동장,383
성북구,훈련원2팀,1304. 만해공원,383
강서구,개화2팀,3797. 마곡수명산파크7단지 710동 앞,383
노원구,도봉2팀,1693. 원자력 병원,384
도봉구,도봉3팀,1761.방학중학교 앞,384
마포구,상암1팀,4248. 신촌 교보빌딩,385
서초구,이수3팀,2514.사평역 2번출구,385
송파구,천호2팀,4454. 위례 포레샤인 1809동 부근,386
강남구,학여울1팀,3604. 삼성중앙역 5번출구,386
동작구,영남2팀,4152. 상도효성해링턴플레이스,386
강남구,학여울2팀,2426.강남한신휴플러스 6단지,387
노원구,도봉2팀,4017. 월계 청백1단지 아파트 정류장,387
송파구,천호2팀,4472. 송파파크데일 1단지 115동 건너편,388
도봉구,도봉3팀,1759.서울북부지방법원 앞,388
성북구,훈련원2팀,1357. 북한산보국문역,388
강남구,학여울1팀,2311. 학동로 래미안 아파트 앞,389
강동구,천호1팀,1063.강동롯데캐슬퍼스트 아파트(관리동),389
금천구,천왕3팀,1843. 독산고등학교,389
중랑구,중랑3팀,1421. 신내역 4번출구,390
서초구,이수1팀,2501. 서초 포레스타5단지,390
송파구,학여울2팀,1287. 위례아이파크 101동 맞은편,390
도봉구,도봉3팀,1727. 서울도봉초등학교인근,391
서초구,이수3팀,2520.서초1교 (진흥아파트 방면),391
동대문구,훈련원3팀,600. 휘경2동 주민센터,392
강동구,천호1팀,1064.중앙보훈병원역 1번출구,393
도봉구,도봉3팀,1713. 쌍문동 이안아파트 앞,393
중구,훈련원1팀,382. 약수역 10번출구 앞,393
종로구,훈련원1팀,4703. 쌍용아파트2단지 정문,394
중구,훈련원1팀,480.약수역 6번 출구,394
강동구,천호1팀,3653. 강동리버스트4단지아파트 404동 앞,394
구로구,천왕1팀,1973. 오리로와 서해안도로 교차로 앞,395
영등포구,영남3팀,298.KBS 연구동 건너편,395
마포구,상암1팀,424. 롯데하이마트 (상암월드컵점),395
송파구,학여울2팀,2645.잠실나들목2(엘스아파트136동),396
용산구,세종로3팀,848. 삼각지12번 출구,396
강남구,학여울1팀,2380. 삼성동베이직하우스앞,396
광진구,중랑1팀,591. 건국대학교 (행정관),396
중구,세종로2팀,322. 명동성당 앞,397
동작구,이수2팀,2069. 숭실대 입구역3번 출구 앞,397
도봉구,도봉3팀,1774.반석교회(쌍문동),397
서초구,이수3팀,2227.방배열린문화센터 앞,398
마포구,상암1팀,4251. 공덕역 경의선숲길 커뮤니티센터,398
서대문구,상암2팀,161. 무악재역1번 출구,398
은평구,상암2팀,975.백련산 힐스테이트상가앞,399
종로구,훈련원1팀,3402.이화공영주차장,400
성북구,훈련원2팀,1367. 길음문화복합미디어센터,400
구로구,천왕1팀,3903. 현대아파트 앞,402
영등포구,영남3팀,282. 신한은행 대림동지점,402
구로구,천왕1팀,2822.제니스스포츠 앞,402
송파구,학여울2팀,4475. 송파파인타운 4단지 403동,402
동작구,이수2팀,2062. 사당새마을금고,403
구로구,천왕2팀,1976. 남구로역 5번 출입구 앞,403
송파구,천호2팀,1258. 가락미륭아파트 앞,404
중구,세종로 4팀,4752. 삼성사이버빌리지아파트,404
중랑구,중랑3팀,1479.면목 홈플러스 2,404
영등포구,영남3팀,4555. 대림우성2차아파트,404
서대문구,상암1팀,3134.SK리쳄블(상수도사업본부),405
서초구,이수1팀,4320. 신영체르니 아파트,405
송파구,학여울2팀,2625.가락종합 사회복지관,405
은평구,상암3팀,993.은평뉴타운 은뜨락아파트앞,406
강남구,학여울1팀,2356. 강남구청,406
송파구,학여울2팀,1285. 위례별 유치원 뒤,406
마포구,상암1팀,432. 마포중앙도서관,408
강동구,천호1팀,3694. 강동리엔파크 11단지,408
강남구,학여울1팀,2416.한티역 6번 출구,408
서초구,이수3팀,2509. 심산기념문화센터,409
서대문구,상암2팀,164. 북가좌1동 주민센터,410
강동구,천호1팀,3676. 강동리엔파크9단지,410
동작구,이수2팀,2024. 상도역 1번출구,411
강동구,천호1팀,1083.광문고교사거리(아이파크),411
용산구,세종로3팀,857. 현대 안성타워,411
영등포구,영남1팀,4601.양평역2번출구 뒤,411
동작구,이수2팀,2088.상도중앙하이츠빌 입구,412
서초구,이수3팀,2272. 교대입구 교차로,414
금천구,천왕3팀,3985. 디폴리스 지식산업센터,414
용산구,세종로 4팀,4616. 신용산지하차도 앞,414
강북구,도봉4팀,1542. 삼양사거리역,414
노원구,도봉1팀,1664. 노해근린공원내,415
성동구,중랑2팀,3547.상왕십리역 6번 출입구,416
구로구,천왕1팀,1968. 동인오피스텔 건너편 소공원,416
은평구,상암3팀,927. 연신내역 3번출구 인근,417
강남구,학여울1팀,2310. 청담동 맥도날드 옆(위치),419
영등포구,영남1팀,3207.양남사거리1,419
강동구,천호1팀,1070.(시립)고덕평생학습관,420
노원구,도봉2팀,1646. 삼육대 입구,420
은평구,상암3팀,922. 연신내역 4번출구,420
중구,세종로2팀,468.웨스틴 조선호텔,420
강북구,도봉4팀,1537. 북한산 우이역,421
강남구,학여울1팀,2381. 언주역 6번출구앞,421
용산구,세종로3팀,808. 서빙고동 금호맨션 앞,422
용산구,세종로 4팀,4618. 풍전아파트 건너편,422
양천구,개화4팀,4534. 월정초교 앞 사거리,423
송파구,학여울2팀,1239. 문정 법조단지3,423
광진구,중랑1팀,572. 국립정신 건강센터 앞,423
강동구,천호1팀,1018. 둔촌 주공 GS 맞은편,423
동작구,영남2팀,2065. 서울시여성가족재단,423
종로구,세종로1팀,4715. 돈의문 박물관 마을,424
종로구,훈련원1팀,364. 창신역 1번출구 앞,424
종로구,훈련원1팀,343. 예일빌딩(율곡로) 앞,424
관악구,영남2팀,2137. KT&G 관악지점,424
강서구,개화2팀,3770. 남부순환로 205,425
중랑구,중랑3팀,4828. 신내동 한살림 중랑지구 앞,426
양천구,개화4팀,757. 신정이펜하우스 1단지아파트 입구 사거리,426
마포구,상암1팀,120. 신수동 사거리,426
강남구,학여울1팀,2320. 도곡역 대치지구대 방향,427
강북구,도봉4팀,1528. 삼각산동 주민센터,428
노원구,도봉1팀,1678. 성서대학교 밀알관,428
성북구,훈련원2팀,1315. 고려사대부속중고 정문,430
강동구,천호1팀,3655. 둔촌신성미소지움아파트,430
용산구,세종로 4팀,4627. 효창공원앞역 5번출구 옆,430
마포구,상암1팀,4221. 솔리스타오피스텔(공덕동주민센터),431
중구,세종로2팀,4774. 을지로입구역 8번출구,431
서초구,이수3팀,2268. 서초4동주민센터,432
광진구,중랑1팀,3880. 홍련봉 공원,432
송파구,천호2팀,4889. 마천역 1번 출구 인근②,432
용산구,세종로3팀,840. 용산 파크타워 앞,433
금천구,천왕3팀,1809. LG전자 별관동(호서대 벤처타워 맞은편),435
성북구,훈련원2팀,1386.동선고가차도 초입,436
송파구,천호2팀,1275. 거여초등학교 옆,436
종로구,훈련원1팀,388. 동성중학교 앞,436
강북구,도봉4팀,1516. 우이초등학교 후문 옆,437
노원구,도봉2팀,4009. 월계프라자,438
강남구,학여울2팀,3642. LH강남힐스테이트아파트,439
노원구,도봉1팀,1696.수락리버시티4단지,440
동작구,영남2팀,2008. 노량진근린공원 대방공원,440
서대문구,상암2팀,169. 북가좌 삼거리,441
송파구,천호2팀,2614. 가락고등학교 앞,441
서초구,이수1팀,2205. 내곡3단지 어린이공원 앞,441
관악구,영남2팀,2139. 서울신성초등학교,443
서초구,이수3팀,2214. 신반포역 2번출구 앞,444
서초구,이수3팀,2518.서초3교(효령로70길 방면),445
영등포구,영남3팀,3203.도림동배드민턴체육관,445
강남구,학여울2팀,2341. 일원역 4~5번 출구 사이,446
중구,세종로2팀,4775. 을지로지하쇼핑센터,447
은평구,상암3팀,954. 은평뉴타운구파발9단지,447
양천구,천왕1팀,760. 잣절보도육교 아래,447
양천구,개화2팀,4530. 방아다리어린이공원,447
도봉구,도봉3팀,1722. 창동청소년수련관,448
은평구,상암3팀,953. 서울연신초등학교,449
관악구,이수2팀,2129. 낙성대 과학전시관,449
금천구,천왕3팀,1845. 롯데캐슬골드파크1차 서문,450
성북구,훈련원2팀,4411. 동산어린이공원 앞,450
서초구,이수3팀,2521.서초 크로바타워 앞,451
동작구,영남2팀,2057. 상도 아이파크 아파트,452
중랑구,중랑3팀,1472.영성빌딩(PAT),452
강남구,학여울1팀,3651. 개포동역 4번출구,453
관악구,이수2팀,2198.사랑의병원,455
마포구,상암1팀,4244. 당인리발전소 공원 앞,456
금천구,천왕3팀,3969. 독산역 롯데캐슬 104동 앞,456
강남구,학여울1팀,2313. 금원빌딩 앞,457
동대문구,훈련원4팀,638. 서울시립대 정보기술관,457
성북구,훈련원2팀,1358. 정릉도서관 앞,457
강북구,도봉4팀,1574.송중초등학교 옆,457
영등포구,영남3팀,3211.신길 래미안 프레비뉴,458
강남구,학여울1팀,2339. 현대아파트 정문 앞,458
금천구,천왕3팀,3984. 가산롯데아이티캐슬,459
서대문구,상암1팀,173. 서대문역 8번출구 앞,459
서대문구,상암2팀,3107. 연희초등학교 앞,459
은평구,상암3팀,4671. 청구성심병원 앞,460
송파구,천호2팀,1299. 송파소방서 (방이119안전센터),462
서대문구,상암1팀,196. 연희교차로 인근,462
성북구,훈련원2팀,1391.성북청소년센터,463
광진구,중랑1팀,3588.세종대학교(영실관),463
금천구,천왕3팀,1831. 메이퀸웨딩컨벤션 앞,464
동작구,이수2팀,4173. 중대후문 마을버스정류장,464
서초구,이수3팀,2502. 서초역1번출구 앞,464
강동구,천호1팀,1041. 묘곡초등학교,464
강남구,학여울1팀,2357. 르네상스호텔사거리 역삼지하보도 3번출구 앞 (더 오번 빌딩 명동칼국수 앞),465
영등포구,영남3팀,4578.보라매sk뷰,465
중구,세종로1팀,4753. 우리은행 서소문금융센터,465
동대문구,훈련원4팀,652. 답십리 래미안엘파인아파트 입구,465
강남구,학여울1팀,2368. 도곡동 경남아파트 건너편,465
서초구,이수3팀,4306. 서래공원 앞,466
양천구,개화3팀,776.목마공원,466
양천구,개화4팀,745. 강서초등학교,466
용산구,세종로3팀,"4605. 노들섬 다목적홀(동쪽) 숲, 앞",466
금천구,천왕3팀,3977. 말미사거리,467
중랑구,중랑3팀,4835. 망우동 본죽 앞,467
도봉구,도봉3팀,4073.방아골종합사회복지관,467
서대문구,상암1팀,171. 임광빌딩 앞,467
강남구,학여울2팀,2422.수서동 성당 맞은편,468
동대문구,훈련원4팀,606. 휘경공고앞,469
금천구,천왕2팀,3975.현대시티아울렛 가산,469
구로구,천왕1팀,1993. 금강수목원아파트 앞,470
마포구,상암1팀,4207. 아만티호텔 앞,471
노원구,도봉2팀,2903.월계초안아파트 1단지,471
관악구,이수2팀,2186. 낙성대입구삼거리,473
광진구,중랑1팀,3510. 중곡SK아파트앞,473
광진구,중랑1팀,555. 구의3동주민센터,474
성동구,중랑2팀,594. 중랑물재생센터(서울새활용플라자),474
송파구,천호2팀,4855. 거여5단지 503동 앞,475
강남구,학여울1팀,2312. 청담역 13번 출구 앞,475
은평구,상암3팀,941. 은평뉴타운 도서관,475
서초구,이수1팀,2293. SPC 앞,475
양천구,개화4팀,712. 강월초교입구 사거리,476
강남구,학여울1팀,2314. 청담나들목입구,477
서초구,이수1팀,2246. 서울시 품질시험소 앞,477
도봉구,도봉3팀,1751. 창원초등학교 교차로,477
금천구,천왕3팀,3963. 에이스 하드웨어(시흥대로 396) 앞,477
서초구,이수1팀,2250. 서초유치원 맞은편,478
송파구,천호2팀,2617. 가락삼환아파트 앞,479
은평구,상암3팀,"4663. 불광역3,6호선 버스정류장(동명여고 방면)",479
강남구,학여울1팀,2389. 경기여자고등학교 후문 (삼성로3길 입구),479
강서구,개화3팀,3761. 나이아가라관광호텔,479
강동구,천호1팀,3673. 강동리버스트6단지,481
성북구,훈련원2팀,1325. 상월곡역 4번출구,481
강동구,천호1팀,1068.명일파출소,483
도봉구,도봉3팀,4054. KT프라자도봉점 맞은편,484
송파구,학여울2팀,2634.위례포레샤인아파트 2318동,484
동대문구,훈련원3팀,671.대광빌딩,485
강동구,천호1팀,1026. 대명초교 입구 교차로,485
도봉구,도봉3팀,1736. 버스정류장 앞,485
금천구,천왕3팀,1828. 한양수자인아파트 앞,486
강동구,천호1팀,3658. 프라이어팰리스아파트,486
도봉구,도봉3팀,1702. 녹천역 1번출구 앞,486
송파구,천호2팀,4462. 가락중학교 앞,486
서초구,이수1팀,2549.LH 서초 4단지 403동,487
강북구,도봉4팀,3711. 월계2교 교차로,487
중랑구,중랑3팀,1425. 용마문화복지센터,487
은평구,상암3팀,925. 불광역 2번출구,488
양천구,개화4팀,4537. 서울남부지방검찰청 후문,489
마포구,상암1팀,4246. 상수역새마을금고,490
구로구,천왕2팀,1998. 고척교 교차로,490
종로구,훈련원1팀,3419.국립어린이과학관,491
동대문구,훈련원3팀,607. 신이문역 2번출구,491
용산구,세종로 4팀,4603. 한강GS에클라트 건너편 교통섬,493
강북구,도봉4팀,1509. 서울북부수도사업소,493
강서구,개화1팀,3801. 이랜드글로벌R&D센터,493
강남구,학여울1팀,2430.강남파이낸스센터앞(역삼역2번출구),494
강남구,학여울1팀,2360. 도곡1동 주민센터 교차로,494
관악구,영남2팀,2127. 난곡종점,495
동작구,이수2팀,2027. 중앙대학교 정문 1,495
마포구,상암1팀,413. 상암월드컵파크 3단지 후문,495
은평구,상암2팀,939. 은평구청 교차로,495
강남구,학여울1팀,2331. 동영문화센터앞,496
은평구,상암2팀,901. 응암1동사무소,496
동작구,이수2팀,2026. 흑석역 4번출구,496
서초구,이수1팀,2243.서울가정법원,496
강북구,도봉4팀,1525. 미아동 복합청사,496
중랑구,중랑3팀,1465.중랑공영차고지 옆,496
마포구,상암1팀,406. 상암월드컵파크 7단지 앞,496
도봉구,도봉3팀,4058. 다락원체육공원 전망대 입구,497
중구,훈련원1팀,371. 동대입구역 6번출구 뒤,498
마포구,상암1팀,4216. 망원정 앞,499
동작구,이수2팀,2036. 정금마을 마을버스정류장,500
용산구,세종로 4팀,850. KCC용산월츠타워,501
중랑구,중랑3팀,4823. 방정환교육지원센터 옆,501
중구,훈련원1팀,434. 신당 래미안 버스정류장,501
은평구,상암3팀,976.진관고등학교앞,502
구로구,천왕2팀,1916. 구로중학교앞,502
관악구,영남2팀,2196. 봉천역 3번출구,502
금천구,천왕3팀,1835. STX V타워,502
강남구,학여울2팀,2321. 학여울역 사거리,503
양천구,천왕1팀,743. 현대6차아파트 101동 옆,503
서대문구,상암1팀,139. 연세대 정문 건너편,503
강남구,학여울1팀,"2419.봉은사역 1,2번 출구",504
마포구,상암1팀,4224. 서부운전면허시험장,504
서대문구,상암1팀,160. 북아현동 가구거리,505
송파구,천호2팀,4463. 방이역 2번 출구,506
강서구,개화3팀,1137. 등촌2동주민센터,506
강남구,학여울2팀,3623. 일원에코파크 앞(개포로 방면),507
강동구,천호1팀,3685. 강동리엔파크14단지(1401동 앞),507
강동구,천호1팀,1049. 강일리버파크 10단지,507
종로구,훈련원1팀,452. 동대문 종합시장 버스정류장,507
구로구,천왕1팀,3918. 이좋은집오피스텔 앞,508
도봉구,도봉3팀,1770.도봉한신아파트 주변,508
은평구,상암3팀,4653. 불광역 9번 출구 맞은편,508
양천구,개화4팀,714. 한국SGI 양천문화회관 앞,509
종로구,세종로1팀,446. 상명대입구,509
중구,훈련원1팀,477.앰배서더 호텔 주변,510
마포구,상암1팀,4206. 광흥창역5번출구,510
강동구,천호1팀,1065.보훈병원 후문옆(더 원커피),510
서대문구,상암2팀,3129.DMC래미안e편한세상203동옆,510
강서구,개화1팀,3787. 가양나들목,511
은평구,상암2팀,979.원풍빌라앞,511
양천구,개화4팀,713. 양서중학교 옆,511
금천구,천왕3팀,1821. 홈플러스 시흥점 맞은편 다비치안경 앞,512
강동구,천호1팀,1073.SSTS 몰 앞,513
강남구,학여울1팀,2326. 대치동 삼성로,514
강동구,천호1팀,1057. 능골근린공원,514
동작구,영남2팀,2084.e편한세상 상도노빌리티 앞,515
중구,훈련원1팀,347. 동대문역사문화공원역 9번출구 앞,515
은평구,상암3팀,923. 국민은행 연서지점,515
중랑구,중랑3팀,1468.먹골역 7번 출구,516
도봉구,도봉3팀,1758.북서울교회 버스정류소 앞,516
송파구,천호2팀,4871. 오금동 대림아파트 정문,518
강남구,학여울2팀,2337. 대모산입구역 2번출구 앞,518
송파구,천호2팀,4493. 마천사거리 2,519
송파구,천호2팀,2654.올림픽선수촌아파트 136동 앞,519
강남구,학여울1팀,2396. 영동3교 북단(우성캐릭터 앞 보도),520
영등포구,영남3팀,271. 샛강생태공원방문자센터 앞,520
서대문구,상암1팀,3113.독립문역사거리,520
강남구,학여울1팀,2330. 역삼월드메르디앙아파트 앞,520
구로구,천왕1팀,2819.하늘숲초등학교 앞,522
마포구,상암1팀,4202. 프런트원(공덕역4번출구 앞),522
송파구,학여울2팀,1296. 석촌호수교차로 (송파나루근린공원 앞),522
중구,세종로 4팀,441.염천교사거리,524
강동구,천호1팀,1016. 해뜨는 주유소옆 리엔파크 109동앞,524
성북구,훈련원2팀,1348. 성북제일새마을금고 본점 앞,524
양천구,개화4팀,790.화곡고가 사거리,526
송파구,천호2팀,4485. 잠실나루역 고가하부,526
영등포구,영남1팀,3221.서울특별시 남부교육지원청,526
은평구,상암3팀,946. 독바위역,527
강남구,학여울1팀,2385. 학동역,529
서대문구,상암2팀,3130.가재울사거리,529
마포구,상암1팀,142. 아현역 4번출구 앞,530
서초구,이수3팀,2233. 서초신동아1차아파트 옆,532
관악구,영남2팀,2144. 난우길입구,533
서초구,이수3팀,2212.서초현대4차아파트 201동 맞은편,533
강서구,개화3팀,5067. 주원 리젠트 앞,534
강북구,도봉4팀,1515. 송천동 주민센터,534
송파구,학여울2팀,1266. 문정동 글샘 공원,534
도봉구,도봉3팀,"1735. 도봉역 1,2번 출구사이 건너편",535
노원구,도봉1팀,1634. 당고개공원 대여소,535
구로구,천왕1팀,3906. 천왕차량사업소 입구,536
성북구,훈련원2팀,1340. 광운초등학교 앞,536
노원구,도봉1팀,4002. 상계주공 14단지 상가 앞,537
송파구,천호2팀,"2626.경찰병원역 1,2번 출구 사이",537
관악구,이수2팀,2167. 낙성대역 1번출구,537
강남구,학여울1팀,2319. 포스코사거리 서측(수협 삼성동 지점),537
서대문구,상암2팀,4253. 홍은도담도서관,539
성동구,중랑2팀,4360. 르노삼성자동차 성수사업소 앞,539
노원구,도봉2팀,4033. 녹천역 4번 출구 옆,539
강북구,도봉4팀,1532. 번3동 주민센터 교차로,539
중랑구,중랑3팀,1405. 망우역 1번출구,540
성동구,중랑2팀,518. 청계천 박물관 앞,540
서대문구,상암2팀,192. 연서어린이공원,541
강남구,이수3팀,2410. 포스코피앤에스타워 (역삼역 3번출구 부근),541
금천구,천왕3팀,1829. 홈플러스 금천점 앞,541
관악구,이수2팀,2128. 관악구청교차로,542
강동구,천호1팀,1015. 샛마을 근린공원,544
서초구,이수3팀,2299. 한전아트센터 앞,545
강남구,학여울1팀,2323. 주식회사 오뚜기 정문 앞,545
종로구,세종로1팀,351. 청운초교 앞 삼거리,546
강동구,천호1팀,1025. 상일초등학교,546
강남구,이수3팀,2421. 신논현역 4번출구,547
관악구,이수2팀,2122. 낙성대로 입구,548
용산구,세종로 4팀,845. 용산 선인상가,548
강동구,천호1팀,3665. 고덕센트럴 아이파크상가 앞,548
금천구,천왕3팀,1822. 서울 시흥동우체국 앞,550
송파구,학여울2팀,4869. 잠실나들목6,550
성북구,훈련원2팀,1360. 정릉역,551
서초구,이수3팀,4307. 고투몰 gate 15옆,551
성북구,훈련원2팀,4420. 성북구 한예종 캠퍼스 별관,551
은평구,상암2팀,965. 서울특별시 은평병원,552
서초구,이수2팀,2229.로고스교회 맞은 편,553
중랑구,중랑3팀,1420. 신내어울공원 앞,553
영등포구,영남3팀,241. 신길우성1차아파트 앞 공원,553
노원구,도봉2팀,2914.서울과학기술대학교(미래관),553
중구,세종로2팀,471.회현사거리 남측,554
광진구,중랑1팀,3537. 아차산 휴먼시아 아파트 옆,554
서초구,이수3팀,4316. 고속터미널역 3번출구,555
중랑구,중랑3팀,1457. 동원사거리,555
은평구,상암2팀,909. 백련산 힐스테이트 3차,555
강서구,개화2팀,3767. 대원빌딩,556
송파구,천호2팀,2655.송이공원,556
종로구,훈련원1팀,337. 창경궁 입구,557
서초구,이수3팀,2215. 반포종합운동장 입구,557
강북구,도봉4팀,1568.4.19민주묘지 입구사거리,557
금천구,천왕2팀,1812. 갑을그레이트밸리 앞,558
노원구,도봉1팀,1628. 노일초등학교 앞,558
서대문구,상암1팀,137. 신촌기차역입구 교차로,558
용산구,세종로3팀,4615. 크라운호텔앞 버스정류소,558
송파구,학여울2팀,1240. 문정 법조단지4,559
은평구,상암3팀,903. 은평뉴타운 아이파크,559
동대문구,훈련원3팀,636. 세종대왕기념관 교차로,559
도봉구,도봉3팀,1719. 신도봉사거리 버스정류장,560
광진구,중랑1팀,552. 대림아크로리버 앞,560
송파구,학여울2팀,2603. 송파 글마루 도서관,560
강서구,개화1팀,1198. LG 사이언스파크,561
동대문구,훈련원4팀,4107. 장안동근린공원 입구,561
도봉구,도봉3팀,1706. 기업은행 앞,562
도봉구,도봉3팀,1772.시립도봉노인복지관 버스정류소,562
서대문구,상암2팀,3122.북가좌삼거리2,563
중랑구,중랑3팀,1430. 중랑구청,563
강남구,학여울2팀,3618. 서울율현초교 삼거리,564
양천구,개화4팀,733. 신정이펜하우스314동,564
서대문구,상암1팀,159. 이대역 4번 출구,564
성북구,훈련원2팀,1394.길음뉴타운 래미안9단지,564
송파구,학여울2팀,4886. 배명고등학교 건너편,565
영등포구,영남1팀,233. 양평1동 YP센터 앞,565
금천구,천왕3팀,1854. 가산아네스트 오피스텔 앞,566
노원구,도봉1팀,1672. 상계동수락리버시티,567
성동구,중랑2팀,506. 금호 어울림 아파트 앞,568
구로구,천왕1팀,2820.신세기아파트 앞,568
중랑구,중랑3팀,4825. 신내동 벽산아파트 후문 앞,568
금천구,천왕3팀,3983. 금천구청역 1번 출구,568
강서구,개화2팀,1130. 화곡본동시장 버스정류장,569
금천구,천왕3팀,1862.스타즈호텔독산 빌딩 앞,569
은평구,상암3팀,960. 구파발역 환승센터,569
강북구,도봉4팀,1543. 수유1동 주민센터,569
중구,훈련원1팀,372. 약수역 3번출구 뒤,570
노원구,도봉1팀,4042. 상계문화정보도서관,570
송파구,학여울2팀,4480. 가락시장 남1문 사거리,571
중랑구,중랑3팀,4803. 상봉2동 주민센터 앞,571
양천구,개화4팀,4518. 청기와빌딩,571
관악구,이수2팀,2148. 낙성대역 3번출구 뒤,571
마포구,상암1팀,4211. 시석빌딩 앞,571
광진구,중랑1팀,3863. 동일로58길 입구,571
마포구,상암1팀,405. DMC빌 앞,572
서초구,이수3팀,2297. 남부터미널역 1번출구,573
마포구,상암1팀,425. DMC첨단산업센터,573
중구,세종로2팀,324. 신세계백화점 본점 앞,573
마포구,상암1팀,125. 서강대 남문 옆,574
도봉구,도봉3팀,1771.성원APT버스정류소,575
용산구,세종로 4팀,866.브라운스톤 남산아파트,575
금천구,천왕3팀,1869.롯데캐슬골드파크3차 301동 앞,576
송파구,학여울2팀,1217. 송파파인타운 7단지,576
송파구,학여울2팀,4880. 송파청소년센터,577
송파구,학여울2팀,4497. 아시아선수촌아파트 교차로,577
서대문구,상암2팀,3110.홍은 현대아이파크 아파트 202동 앞,577
동대문구,훈련원3팀,676.FITI시험연구원 앞,577
강남구,학여울1팀,2353. 강남구청역 2번출구 뒤,578
서대문구,상암2팀,177. 북가좌 초등학교,579
종로구,세종로1팀,3425.광화문 풍림스페이스본 1단지앞,579
송파구,천호2팀,1230. 송파중학교 정문,579
강남구,학여울1팀,2394. 개포래미안포레스트아파트 107동 앞,580
금천구,천왕3팀,1870.독산3동주민센터 앞,580
송파구,천호2팀,1300. 오륜사거리,581
영등포구,영남3팀,285. 대림3동사거리(하나은행),581
중랑구,중랑3팀,4826. 홈플러스 면목점,583
강서구,개화3팀,3763. 등촌태영아파트,583
강북구,도봉4팀,1518. SK telecom(수유직영점) 앞,583
강남구,학여울2팀,2423.영희초교 사거리(래미안개포루체하임),583
강서구,개화2팀,3792. 화곡본동시장 입구,583
중랑구,중랑3팀,1480. 용마지구대 옆,584
성동구,중랑2팀,3553.마장역3번출구,584
동대문구,훈련원4팀,628. 휘봉고등학교 앞,584
중랑구,중랑3팀,1454. 한국전력공사(동대문 중랑지사),584
마포구,상암1팀,4212. 한화오벨리스크 앞,585
마포구,상암1팀,121. 마포소방서 앞,585
강남구,학여울1팀,2372. 대치역 사거리,586
종로구,세종로2팀,4707. 청계3가 사거리,586
강서구,개화1팀,3753. 공항중학교 버스정류장,586
양천구,개화4팀,759. 보아스아파트 앞,587
서초구,이수2팀,4318. 방배역 2번 출구,589
도봉구,도봉3팀,1748. 피자헛 앞(도봉병원 옆),590
서초구,이수3팀,2271. 내방역 8번출구 앞,590
강북구,도봉4팀,3718. 번동 SK LPG 충전소,591
송파구,천호2팀,4856. 올림픽공원 서1문 앞,591
중랑구,중랑3팀,1464.중화역 4번출구,593
중랑구,중랑3팀,1441. 신내능말공원,593
서초구,이수3팀,2542.신논현타워 앞,594
서초구,이수1팀,2263. 바우뫼문화복지회관,594
은평구,상암3팀,900. 은평예술회관,594
관악구,영남2팀,2145. 은천초등학교 육교,595
서초구,이수1팀,2206. 언남초등학교 앞,595
관악구,영남2팀,2185. 대학동 고시촌,595
강동구,천호1팀,1042. 강일리버파크 2~5단지,595
성북구,훈련원2팀,1302. 한성대입구역6번출구 뒤,595
영등포구,영남3팀,299.여의도 순복음교회,595
서대문구,상암2팀,188. 홍은동 정원여중 입구,596
송파구,천호2팀,4458. 가락2동주민센터 인근,597
성북구,훈련원2팀,4419. 성북구 한예종 캠퍼스 본관,597
양천구,개화4팀,4507. 신정제일시장,598
구로구,천왕1팀,1936. 개봉역 1번 출구 자전거보관서쪽,599
강서구,개화1팀,2743.동신아파트 104동 앞,599
동작구,이수2팀,2037. 동작역 5번출구 동작주차공원,600
송파구,학여울2팀,4456. 위례포레샤인 2310동 부근,600
서초구,이수3팀,2277. 길마중4교 하부,601
동대문구,훈련원3팀,667.청량차도 육교 밑,602
서초구,이수3팀,2529.우리은행 방배동지점 앞,604
송파구,학여울2팀,4893. 문정법조단지12,604
서초구,이수1팀,2537.양재역 8번출구 앞,605
성동구,중랑2팀,3558.마장동 금호어울림APT앞,605
강북구,도봉4팀,1526. 수유동 채선당앞,605
양천구,개화4팀,4517. 성보하이드로빌딩,605
양천구,개화4팀,777.신월6차보람아파트 앞,605
동작구,이수2팀,2082.7호선 이수역7번출구,606
강북구,도봉4팀,1519. 세븐일레븐 수유장미원점 앞,606
용산구,세종로3팀,810. 이태원지하보도,607
동작구,영남2팀,2085.강남중학교 앞,607
강서구,개화2팀,5073. 우장산역 헤링턴타워 앞,608
동대문구,훈련원3팀,656. 영휘원 교차로,608
도봉구,도봉3팀,4074. 도봉구육아종합지원센터(창동),608
구로구,천왕1팀,3908. 오류동 다숲오피스텔 앞,609
강남구,학여울2팀,2387. 래미안강남힐즈 사거리,609
송파구,천호2팀,1280. 송파파크데일 2단지입구 앞 주차장,610
은평구,상암3팀,982. 녹번초등학교(서오릉로),610
성북구,훈련원2팀,1343. 한성대7번출구 앞,610
관악구,영남2팀,2174. 삼성디지털프라자관악점,611
강동구,천호1팀,1003. 해공도서관앞,613
동대문구,훈련원3팀,665.이문동 쌍용아파트 정문,613
동대문구,훈련원3팀,4103. 휘경sk뷰아파트 앞,613
서대문구,상암2팀,3123.DMC파크뷰자이1단지 110동 앞,613
서대문구,상암1팀,141. 연대 대운동장 옆,614
강서구,개화3팀,1171. 염창동 새마을금고 건너편,614
송파구,천호2팀,4860. 가락쌍용2차아파트 103동,615
강동구,천호1팀,3689. 강일역 3번출구,615
동대문구,훈련원3팀,666.이문대성유니드아파트 앞,616
광진구,중랑1팀,3853. 어린이대공원역 2번출구,616
강남구,학여울1팀,2373. 개포동역 사거리,617
서초구,이수3팀,2504. 신사역 4번출구 뒤,617
동작구,이수2팀,2095.경문고등학교 앞,618
노원구,도봉1팀,4034. 상계근린공원 운동장 앞,620
송파구,천호2팀,4895. 위례포레샤인15단지 상가,620
마포구,상암1팀,4238. 상암한샘빌딩앞,621
영등포구,영남3팀,4576.보라매sk뷰 108동 앞,621
동작구,영남2팀,2020. 장승배기역2번출구뒷편쪽,621
금천구,천왕3팀,3959. 시흥사거리(시흥동 994-3 앞),621
성동구,중랑2팀,538. 답십리역 8번출구 앞,621
노원구,도봉2팀,1641. 한내근린공원 남측,622
용산구,세종로3팀,813. 삼각지역 3번출구,622
금천구,천왕3팀,1859. 대륭테크노타운 18차,623
용산구,세종로3팀,843. 녹사평역 광장,624
마포구,상암1팀,402. 상암월드컵파크 9단지 앞,624
마포구,상암1팀,407. 마포구 육아종합지원센터,625
강서구,개화1팀,3795. 공항신성빌딩 앞,625
용산구,세종로3팀,4620. 삼각지역 14번 출구 앞(교통섬),626
중구,세종로1팀,391. 시립미술관,626
성동구,중랑2팀,4362. 행당중학교 후문,626
노원구,도봉1팀,1630. 수연빌딩 앞,627
서대문구,상암1팀,135. 명물길 원형무대 앞,629
금천구,천왕2팀,1839. 수출의 다리 아래,629
성동구,중랑2팀,535. 응봉삼거리,629
송파구,천호2팀,1256. 문정현대아파트 교차로,630
강남구,학여울1팀,2325. 대치삼성아파트 앞 교차로,630
마포구,상암1팀,440. 하늘공원 입구,631
서초구,이수3팀,2239.교대역 6번출구,633
강남구,학여울1팀,2364. 도산공원교차로,633
영등포구,영남3팀,4589. KRX한국거래소(1),633
성북구,훈련원2팀,1373. 성북구보건소 건너편,633
금천구,천왕3팀,1846. 롯데캐슬골드파크1차 동문,633
양천구,개화4팀,720. 서울강월초등학교 앞,634
서초구,이수1팀,4303. 매헌역 2번출구앞광역버스 정류장앞(22-297),635
중구,훈련원1팀,430. KEB하나은행 장충동지점,635
중랑구,중랑3팀,1469.먹골역 4번출구,636
동작구,영남2팀,2009. 보라매역 8번출구,637
양천구,개화4팀,782.서남병원 후문,637
도봉구,도봉3팀,4078. 원당공원 앞,638
동작구,영남2팀,2066. 양문교회 앞,638
중구,세종로2팀,331. 을지로2가 사거리 북측,638
강북구,도봉4팀,1553.예수그리스도후기성도교회 앞,639
관악구,이수2팀,3815. 광일빌딩,640
동대문구,훈련원3팀,647. 신이문역 1번출구,640
용산구,세종로3팀,811. 녹사평역1번출구,643
강북구,도봉4팀,1554.번동사거리,643
강동구,천호1팀,1033. 고덕동 아남아파트,644
관악구,이수2팀,3816. 관악 GSfresh,645
성동구,중랑2팀,520. 상왕십리역 4번 출구 앞,646
서대문구,상암1팀,4267. 서대문역 2번 출구,646
영등포구,영남3팀,260. 여의도 마리나선착장 앞,646
마포구,상암1팀,129. 신촌역(2호선) 6번출구 옆,647
강남구,학여울2팀,2411. 세곡동 성당,647
송파구,천호2팀,1207. 마천중앙시장,647
금천구,천왕3팀,3956. 대륭테크노타운21차 앞,649
용산구,세종로 4팀,828. 숙대입구역 8번,650
강서구,개화1팀,1178. 개화산역 2번 출구,650
서초구,이수3팀,2528.함지박 사거리,651
동작구,이수2팀,2034. 사당역 7번출구쪽,652
금천구,천왕3팀,1833. 독산역 1번출구 앞 자전거보관소,652
송파구,천호2팀,4499. 세양청마루 101동 앞,653
강서구,개화2팀,"5056. 마곡역4,5번출구",654
도봉구,도봉3팀,1752. 창동 주공 4단지 입구 옆,654
동작구,이수2팀,2086.삼일수영장 앞,655
용산구,세종로3팀,4629. 한강초교보도육교 앞,655
강서구,개화4팀,1145. 곰달래 문화복지센터 1-2,655
관악구,영남2팀,2178. 서울대학교 정문,656
광진구,중랑1팀,3516. 구의아리수정수센터앞,656
양천구,개화4팀,750. 연의근린공원 건너편,656
서초구,이수2팀,2511. 이수역 6번출구 앞,657
성북구,훈련원2팀,1346. 길음8골어린이공원 옆,658
서초구,이수3팀,2524.반포쇼핑타운 8동 앞,659
은평구,상암2팀,948. 디지털미디어 시티역 4번출구(DMC역),660
광진구,중랑1팀,3886.광진구 민방위교육센터,661
은평구,상암3팀,919. 서울혁신파크,661
노원구,도봉2팀,1671. 인덕대학교,661
양천구,개화4팀,706. 신정네거리역,661
성동구,중랑2팀,586. 마장동 주민센터,662
중구,훈련원1팀,4793. 동대문역사문화공원역 5번출구,662
성북구,훈련원2팀,1395.래미안장위포레카운티(102동),662
송파구,천호2팀,4469. 거여동 어울림아파트 102동앞,662
동작구,영남2팀,2012. 대림사거리(동작상떼빌아파트),664
양천구,개화4팀,737. 장수공원,664
영등포구,영남3팀,251. 서울지방병무청 버스정류장,664
마포구,상암1팀,150. 서강대역 2번출구 앞,665
강남구,학여울1팀,2405. 청담공원앞 교차로,666
종로구,세종로1팀,450. 효자동 삼거리,667
강남구,학여울2팀,2375. 수서역 1번출구 앞,667
종로구,세종로1팀,349. 사직동주민센터,668
성북구,훈련원2팀,1349. 월계2교 버스정류장 앞,669
동작구,이수2팀,2089.사당역10번출구(금강빌딩),669
은평구,상암3팀,963. 대호프라자아파트,669
구로구,천왕1팀,1928. 고척스카이돔구장 광장,669
강남구,학여울1팀,2317. 삼성도로공원,669
용산구,세종로 4팀,852.청암자이APT(103동),670
강남구,학여울1팀,2315. 봉은사역 5번출구 옆,670
마포구,상암1팀,156. 서울서부지방법원 앞,670
도봉구,도봉3팀,1750. 창포원 남쪽 입구,671
광진구,중랑1팀,3508. 화양사거리,671
관악구,영남2팀,3818. 은천교회 앞,672
은평구,상암2팀,4677. 백련산 SK뷰 아이파크 해모로 아파트 앞,672
동대문구,훈련원4팀,604. 답십리초등학교 옆 공원,673
서대문구,상암1팀,140. 이화여대 후문,673
강남구,학여울1팀,2365. K+ 타워 앞,673
노원구,도봉2팀,4023. 월계역 1번 출구,674
관악구,영남2팀,3803. 남서울중학교,674
강남구,학여울1팀,2328. 르네상스 호텔 사거리 역삼지하보도 7번출구 앞,675
서대문구,상암2팀,167. 연가초등학교 옆,675
동대문구,훈련원3팀,640. 청량리역 2번출구,676
서대문구,상암1팀,198. 충정2교,677
광진구,중랑1팀,3505. 신양초교앞 교차로,677
성북구,훈련원2팀,1364. 성북동 치안센터 앞,680
강서구,개화1팀,3793. 더리브골드타워,680
서초구,이수3팀,2213. 고속터미널역 5번출구 앞,680
성동구,중랑2팀,4370. 서울숲IT캐슬 앞,681
마포구,상암1팀,118. 광흥창역 2번출구 앞,681
성동구,중랑2팀,3525. 금호스포츠센터앞,683
종로구,훈련원1팀,3412.세운상가,683
강서구,개화2팀,1187. 강서수산물도매시장,683
중랑구,중랑3팀,1474.서울중랑우체국,683
중구,세종로2팀,332. 을지로2가 사거리 남측,683
영등포구,영남3팀,4563. 여의도 은하아파트,684
서대문구,상암2팀,3101. 서대문구청,684
동대문구,훈련원4팀,664. 서울시립대 건설공학관,684
송파구,학여울2팀,2657.송파 파인타운 11단지,684
강서구,개화2팀,5059. 화곡2동주민센터,685
양천구,개화4팀,725. 양강중학교앞 교차로,685
강남구,이수3팀,2409. 역삼동 디오슈페리움 (우성아파트 사거리),685
관악구,이수2팀,3311.서울대입구역 4번 출구,686
용산구,세종로3팀,864.순천향대학병원(한남오거리),687
은평구,상암3팀,904. 은평뉴타운 푸르지오,687
노원구,도봉1팀,1659. 중계동 을지중학교,687
중랑구,중랑3팀,4837. 양원지구 힐데스하임 앞,687
성동구,중랑2팀,3545.한양대역 1번출구,687
강북구,도봉4팀,1527. 미아역 1번 출구 뒤,687
노원구,도봉2팀,4039. 서울시 북부여성발전센터,687
동작구,영남2팀,4171. 우성아파트 앞,688
구로구,천왕1팀,1981. 천왕이펜하우스5단지 앞,690
금천구,천왕3팀,1805. 서울디지털운동장 앞,690
양천구,천왕1팀,4528. 양천구청역 1번출구,691
성북구,훈련원2팀,1339. 삼성전자서비스 성북센터,692
은평구,상암2팀,985. 은평세무서 버스정류장(은평구청 방면),692
관악구,영남2팀,2156. 신림푸르지오아파트,693
도봉구,도봉3팀,1746. 다이소방학점 앞,693
영등포구,영남3팀,4569. 힐스테이트클래시안아파트,693
강북구,도봉4팀,1536. 번동 두산위브 101동 옆,693
강서구,개화2팀,3786. 강서힐스테이트 상가 앞,694
도봉구,도봉3팀,1743.창동19단지아파트 관리사무소앞,695
금천구,천왕2팀,1840. 솔브레인이엔지 뒤편,696
강북구,도봉4팀,3707. 드래곤타워 앞,696
강서구,개화3팀,2703.서울도시가스 앞,697
광진구,중랑1팀,3873. 동서울우편집중국 앞,697
서대문구,상암1팀,3104. e편한세상 신촌4단지 앞,697
양천구,개화4팀,4520. 대성유니드아파트,697
송파구,천호2팀,1288. 문정중교 사거리,698
서대문구,상암2팀,4264. 홍남교 버스정류장,699
양천구,영남1팀,4512. 목동13_14단지 사거리,699
양천구,개화4팀,740. 으뜸공원,699
광진구,중랑1팀,544. 광남중학교,700
성동구,중랑2팀,4383. 푸조비즈타워 앞,700
중랑구,중랑3팀,4824. 상봉신협 앞,700
중랑구,중랑3팀,4808. 신내2동 주민센터 앞,700
강남구,이수1팀,"2359. 국립국악중,고교 정문 맞은편",700
용산구,세종로 4팀,806. 전자랜드 본관 앞,701
중구,세종로2팀,472.삼일교(시그니쳐 타워),701
구로구,천왕1팀,1930. 개봉지구대 개봉치안센터,701
서대문구,상암1팀,3115.북아현 치안센터 인근,701
서초구,이수3팀,2523.뉴코아 킴스클럽 앞,702
도봉구,도봉3팀,1754. 창동시장입구 사거리,702
강남구,학여울1팀,2429.압구정로데오역 6번출구,703
노원구,도봉1팀,4014. 당고개역 3번 출구,703
중구,세종로2팀,318. 광교사거리 남측,704
성북구,훈련원2팀,1303. 돈암초교 입구,704
영등포구,영남1팀,4588.양남사거리2,705
서초구,이수3팀,2259. 잠원역 3번-4번 출구사이,706
서초구,이수3팀,2515.서초초등학교 후문,706
광진구,중랑1팀,3529. 어린이대공원정문,707
성동구,중랑2팀,4367. kt 행당빌딩 앞,708
성북구,훈련원2팀,1388. 돈암초교입구 버스정류장(한성대입구역 방면),708
용산구,세종로 4팀,836. 현대자동차서비스 앞,709
동대문구,훈련원3팀,4110. 용두롯데캐슬리치아파트 앞,709
송파구,천호2팀,1253. 오금역 3번 출구 뒤,709
송파구,천호2팀,2627.문정시영아파트 5동 앞 공원,709
중랑구,중랑3팀,1408. 먹골역 6번출구 앞,710
송파구,학여울2팀,2631.배명고등학교,710
은평구,상암2팀,4659. 신진과학기술고등학교 버스정류장(응암시장 방면),710
강남구,학여울1팀,2308. 압구정파출소 앞,711
노원구,도봉1팀,4032. 은행사거리 성모빌딩 앞,711
마포구,상암1팀,3008.DMC역7번출구,711
구로구,천왕1팀,1965. 삼환로즈빌아파트 105동 옆,713
성북구,훈련원2팀,4414. 안암역 3번 출구,713
용산구,세종로3팀,809. 한남 유수지 복개주차장,713
성동구,중랑2팀,536. 행당역 2번출구 앞,714
강서구,개화3팀,5065. 허준박물관삼거리,714
도봉구,도봉3팀,1715. 서울특별시교육청도봉도서관,714
서초구,이수1팀,2242.양재역 11번 출구 앞,715
동작구,이수2팀,2091. 이수역9번출구,715
구로구,천왕2팀,3919. 구로역·NC신구로점 버스정류장(구로역 방면),716
서초구,이수1팀,2245.양재초등학교 맞은편,717
은평구,상암2팀,4674. 녹번역e편한세상 캐슬 정문 앞,718
광진구,중랑1팀,515. 광양중학교 앞,719
강서구,개화1팀,1159. 서서울모터리움 앞,720
도봉구,도봉3팀,1775.신원리베르텔 앞,720
노원구,도봉1팀,1654. 당고개입구 오거리,721
중구,세종로1팀,4797. KG타워 앞,721
중랑구,중랑3팀,1411. 상봉시장앞 교차로 한성빌딩 앞,721
영등포구,영남3팀,5851. 도림천 건널목 위,721
관악구,영남2팀,3812. KT관악지점,723
서대문구,상암1팀,115. 마스타 빌딩 앞,723
마포구,상암1팀,488.푸르메병원,723
서대문구,상암1팀,138. 신촌동 제1공영주차장 앞,725
영등포구,영남3팀,242. 신길선원가와인아파트 앞,725
중랑구,중랑3팀,1429. 장안중학교,727
송파구,학여울2팀,4467. 한림연예예술고등학교,727
동대문구,훈련원4팀,4123. 배봉초교 교차로,727
종로구,훈련원1팀,3411.종묘,728
종로구,훈련원1팀,3423.현대그룹(본사),729
강남구,학여울2팀,2420.학여울역 사거리(LG베스트샵 앞),729
영등포구,영남3팀,3204.도림고가도로 밑,734
영등포구,영남3팀,281. 신동아아파트 앞,734
양천구,개화3팀,4526. 목동아파트2단지 222동 앞,735
강남구,학여울1팀,3628. 역삼1동 주민센터,735
강북구,도봉4팀,1564.4.19민주묘지역 1번출구,737
구로구,천왕2팀,1913. 구로리공원,738
관악구,영남2팀,2195.은천교회,739
강서구,개화1팀,1109. 공항시장역 4번출구,739
관악구,이수2팀,2116. 에이스에이존빌딩,740
동대문구,훈련원3팀,601. 용신동주민센터,740
송파구,천호2팀,1229. 송파체육문화회관 앞,740
마포구,상암1팀,403. 부엉이공원 앞,741
은평구,상암3팀,962. 은평뉴타운 힐데스하임,742
영등포구,영남1팀,4560. 양평동성원아파트,742
은평구,상암2팀,958. 본 서부병원 버스정류장(은평 세무서 방면),742
강북구,도봉4팀,1540. 가오리역,743
영등포구,영남3팀,235. 신길동 우리은행 옆,746
강남구,학여울2팀,2408. 강남한양수자인아파트,746
은평구,상암2팀,930. 구 서부경찰서 건너편,746
중구,훈련원1팀,336. 티마크 호텔 앞,746
서초구,이수1팀,2251. 더케이호텔 입구(양재2),748
강동구,천호1팀,1030. 미호 플랜트 앞,748
금천구,천왕3팀,1856. 모두의학교,750
강남구,학여울1팀,3614. 은마아파트 입구 사거리,750
강북구,도봉4팀,1520. 성실교회,750
성동구,중랑2팀,4373. 서울숲 지식산업센터,751
마포구,상암1팀,145. 공덕역 5번출구,751
중구,훈련원1팀,476.광희문,752
마포구,상암1팀,4214. JTBC 앞,752
강동구,천호1팀,1085.래미안 솔베뉴(고덕로),752
서대문구,상암2팀,195. 모래내고가차도,754
도봉구,도봉3팀,1716. 하나로마트 창동점,755
서대문구,상암2팀,3131.연가교 교차로,755
송파구,학여울2팀,1247. 문정 법조단지11,756
도봉구,도봉3팀,1729. 파리바게트앞,757
종로구,세종로1팀,3405.파크팰리스,758
서대문구,상암1팀,3116.신촌역 4번출구,758
강서구,개화4팀,2712.화곡터널입구교차로,758
서초구,이수3팀,2266. 서초역 3번출구,758
마포구,상암1팀,4208. 스타벅스(동교동) 앞,762
서대문구,상암2팀,170. DMC파크뷰자이아파트 302동 앞,763
성북구,훈련원2팀,4406. 장곡초등학교 앞,763
강서구,개화3팀,2709.강변아파트 310동 앞,764
도봉구,도봉3팀,1726. 삼익세라믹아파트교차로,765
광진구,중랑1팀,3523. 건국대학교 과학관(이과대) 앞,765
영등포구,영남1팀,4552. 코레일유통본사,765
구로구,천왕1팀,1929. 고척근린공원 고척도서관 앞,767
마포구,상암1팀,401. 상암월드컵파크 10단지 앞,767
종로구,세종로1팀,394. 경희궁 자이 3단지,767
은평구,상암3팀,949. 연신내역 1번 출구,768
성북구,훈련원2팀,1326. 상월곡역 1번출구,768
노원구,도봉1팀,1627. 수락산역 4번출구,769
서초구,이수3팀,2538.사평리 공원,769
중구,세종로 4팀,4794. 서울역 서부교차로(3),769
중구,세종로 4팀,379. 서울역9번출구,769
노원구,도봉2팀,4048. 신도1차아파트앞,771
성북구,훈련원2팀,1344. 아리랑시네센터 앞,771
강동구,천호1팀,1074.대명초교입구 사거리,772
구로구,천왕2팀,1994. 삼성전자 물류센터 앞,773
송파구,천호2팀,1267. 올림픽공원 남2문 앞,773
서초구,이수1팀,2276. 영동1교 (양재천근린공원),773
도봉구,도봉3팀,1734. 쌍문현대1차아파트 108동 앞,773
성북구,훈련원2팀,1361. 홍익중고 입구,773
마포구,상암1팀,416. 상암월드컵파크 1단지 교차로,776
금천구,천왕3팀,1808. 에이스하이엔드타워8차 앞,776
서초구,이수3팀,2237.서울남부터미널 대합실 입구,776
영등포구,영남3팀,4590. KRX한국거래소(2),777
강동구,천호1팀,3683. KT&G강동지사,777
노원구,도봉2팀,2902.공릉풍림아파트 108동,778
강서구,개화2팀,2731.명덕고교,778
서대문구,상암1팀,134. 연세로 명물길,779
강남구,학여울1팀,2324. 천주교 대치 2동 교회 옆,782
노원구,도봉2팀,1642. 서울여대 남문,782
서초구,이수1팀,2273. 일동제약 사거리,783
서초구,이수3팀,2540.반포천 앞,784
영등포구,영남1팀,4600. 영등포구 총괄 우체국,785
서대문구,상암2팀,191. 서우빌딩,785
중구,세종로2팀,321. KEB 하나금융그룹 명동사옥 옆,786
양천구,개화3팀,774.등촌역 4번 출구,788
양천구,개화4팀,4510. 신정네거리역 교차로,788
구로구,천왕1팀,1937. 한진아파트 입구,789
마포구,상암1팀,437. 대흥역 1번출구,789
구로구,천왕2팀,2823.중앙유통단지 앞,790
영등포구,영남3팀,4558. 대영중고 후문,791
송파구,천호2팀,2652.송파 레미니스1단지 102동 앞,792
금천구,천왕3팀,1814. 두산위브아파트 옆 상가건물 앞,792
강서구,개화1팀,3783. 마곡금호어울림아파트,793
성북구,훈련원2팀,1368. 성신여대입구 교차로,793
서대문구,상암2팀,3103. 홍제삼거리 북측,793
노원구,도봉1팀,1651. 상계동 우방유쉘아파트 앞,794
서초구,이수3팀,2503. 반포1동 서초빌딩 앞,794
강남구,학여울1팀,2369. KT선릉타워,798
서초구,이수3팀,2531.멤피스아파트 앞,798
송파구,학여울2팀,1233. 잠실3거리(갤러리아팰리스),798
중구,세종로2팀,4778. 대신파이낸스센터,799
중랑구,중랑3팀,"4809. 동성1,2차 아파트 앞",799
강서구,개화1팀,5063. 서남환경공원(방화동도시개발2단지방향),799
마포구,상암1팀,495.염리초등학교 앞,799
영등포구,영남3팀,4566. 대림성원상떼빌아파트,800
강동구,천호1팀,1060. 천일초교 사거리,800
광진구,중랑1팀,3882. 자양2동 주민센터,801
양천구,개화4팀,709. 신정3동 현장민원실 앞,801
마포구,상암1팀,408. LG CNS앞,801
송파구,천호2팀,4478. 문정근린공원2,801
송파구,천호2팀,4873. 개롱역사거리 2번 출구,802
중구,세종로 4팀,485.서울역5번출구,804
구로구,천왕1팀,1953. 천왕역 4번출구 뒤,804
송파구,천호2팀,4867. 가락대림아파트 앞,805
구로구,천왕2팀,1960. 구로거리공원 동측(신도림역 방면),806
동작구,이수2팀,2077.노들역 3번출구,806
영등포구,영남1팀,239. 유스호스텔 앞,808
중랑구,중랑3팀,1470.중화동 우리은행 앞,809
노원구,도봉1팀,4005. 중계2차 한화꿈에그린 101동 인근,809
동대문구,훈련원3팀,672.대광고등학교,809
중랑구,중랑3팀,1402. 금란주차장 앞,810
성북구,훈련원2팀,1334. 석관동주민센터 앞,810
구로구,천왕2팀,1924. 삼부르네상스파크빌,811
마포구,상암1팀,4226. 마포프레스티지자이 1,811
은평구,상암3팀,932. 예일여중,812
용산구,세종로 4팀,805. 문배어린이공원 앞,813
노원구,도봉2팀,1665. 양지근린공원앞,814
종로구,세종로1팀,395. 경희궁 자이 2단지,815
도봉구,도봉3팀,1749. ESA아파트 상가 앞,815
성동구,중랑2팀,4382. 페코텍글로벌허브빌딩 앞,815
강동구,천호1팀,"1051. 강일중,선사고 버스정류장(신암중학교 방면)",816
마포구,상암1팀,155. 가좌역1 번출구 앞,816
서대문구,상암1팀,180. 충정로역 7번출구 아래,816
종로구,세종로2팀,328. 탑골공원 앞,817
종로구,세종로1팀,309. 광화문역 6번출구 옆 B,817
동작구,이수2팀,2090.기아자동차 사당점 앞,817
동대문구,훈련원4팀,622. 전농사거리 교통섬,818
영등포구,영남3팀,212. 여의도역 1번출구 옆,819
강서구,개화1팀,3754. 신방화역 8번출구,820
마포구,상암1팀,122. 신성기사식당 앞,820
용산구,세종로 4팀,844. 이촌2동 동원베네스트 아파트 앞,820
노원구,도봉1팀,2920.상계중학교(당현2교사거리),821
성동구,중랑2팀,519. 양지사거리,821
동대문구,훈련원4팀,654. 전농동 텃골공원,821
중랑구,중랑3팀,1444. 면목4치안센터,822
강남구,학여울1팀,2418.봉은사역 7번 출구,822
종로구,세종로2팀,335. 종로3가역 15번출구 앞,822
영등포구,영남3팀,256. 동아에코빌입구,823
서초구,이수1팀,2274. 양재시민의숲역 3번출구,823
용산구,세종로 4팀,807. 서울역 12번 출구 앞,823
영등포구,영남3팀,270. 증권거래소후문교차로,824
종로구,세종로1팀,307. 서울역사박물관 앞,825
중랑구,중랑3팀,4820. 망우역 2번 출구,825
송파구,천호2팀,2642.마천동 성내천 쉼터,825
송파구,천호2팀,4891. 위례포레샤인17단지 위례대로 방면,826
용산구,세종로 4팀,800. 목월공원 앞,827
강북구,도봉4팀,1506. 강북문화예술회관,827
도봉구,도봉3팀,4062. 평화도봉공원 주변,827
강동구,천호1팀,1072.고덕역 5번출구,830
송파구,천호2팀,2656.풍납동 아이파크 107동 앞,830
종로구,훈련원1팀,3414.종로5가역 4번출구,832
마포구,상암1팀,3007.MBC 앞,832
중랑구,중랑3팀,1428. 원묵고등학교,832
노원구,도봉1팀,1620. 중계동 노원구민체육센터 옆(중1-2),832
강북구,도봉4팀,1560. 도봉세무서 앞,833
강남구,이수3팀,2327. 뱅뱅사거리 랜드마크타워 앞,833
구로구,천왕1팀,1941. 오류동역 2번출구,833
강남구,학여울2팀,2412. 일원1동 주민센터,834
강서구,개화1팀,3782. 겸재정선미술관,835
양천구,영남1팀,762. 오목로 무중력지대 앞,835
영등포구,영남1팀,4556. 리버뷰신안인스빌1차 후문,836
용산구,세종로3팀,817. 삼각지역 4번출구 앞,837
용산구,세종로 4팀,820. 청파동입구 교차로,837
구로구,천왕1팀,1966. 한마을아파트 정문상가,837
노원구,도봉1팀,1682. 중계종합사회복지관 교차로,837
강서구,개화1팀,1165. 마곡중학교 후문,840
영등포구,영남3팀,4567. 한림대학교 강남성심병원 신관,840
영등포구,영남3팀,254. 도림신협 앞,840
강남구,이수3팀,2301. 현대고등학교 건너편,844
중랑구,중랑3팀,1473.중랑역 1번 출구(중화문화복지센터),844
동대문구,훈련원4팀,4105. 서울교통공사사거리 교통섬,844
노원구,도봉2팀,2917.신창중학교 후문 맞은편 버스정류장,847
강북구,도봉4팀,1557.신창교,847
강서구,개화2팀,5057. 마곡역4번출구,848
송파구,학여울2팀,4854. 가락시장역 2번 출구,850
금천구,천왕3팀,1806. 에이스하이엔드타워9차 앞,851
용산구,세종로 4팀,835. 남영역 건너편,851
강남구,이수3팀,2302. 교보타워 버스정류장(신논현역 3번출구 후면),851
강남구,학여울1팀,2415.한티역 롯데백화점 앞,853
강남구,학여울1팀,2413.도곡역 1번 출구,857
동대문구,훈련원3팀,4117. 휘경119안전센터 앞,857
중랑구,중랑3팀,1437. 늘푸른공원 앞,858
송파구,천호2팀,4496. 잠실 파크리오 120동 앞,859
광진구,중랑1팀,3507. 어린이회관,859
강서구,개화2팀,2711.가로공원공영주차장 1번 출구,860
종로구,세종로1팀,3406.세종로공원,862
중랑구,중랑3팀,4804. 동서울농협 앞,862
송파구,학여울2팀,4468. 가락1동주민센터,863
동대문구,훈련원4팀,617. 청솔우성아파트 앞,863
강동구,천호1팀,1080.엘웨딩,863
송파구,천호2팀,4872. 개롱역 3번 출구 뒤,864
종로구,훈련원1팀,358. 성대입구 사거리,865
동대문구,훈련원4팀,627. 장안동삼거리 교통섬,865
성동구,중랑2팀,562. 군자지하보도 앞,865
도봉구,도봉3팀,1765.쌍문역 1번 출구(양산부인과 빌딩),867
송파구,천호2팀,2604. 풍납토성 서성벽터A,867
노원구,도봉2팀,4016. 노원 마들스타디움,868
마포구,상암1팀,436. 이대역 5번출구,869
송파구,학여울2팀,4875. 위례포레샤인13단지,869
중구,세종로 4팀,399. 서울역 센트럴 자이아파트,869
송파구,학여울2팀,1286. 위례중앙푸르지오 1단지 앞,870
관악구,영남2팀,2179. 양녕로 입구,871
관악구,영남2팀,2189. 봉천역 4번출구,871
광진구,중랑1팀,3864. 광진소방서 앞,871
마포구,상암1팀,199. 서울 월드컵 경기장,872
관악구,영남2팀,2191.대학동주민센터,872
중랑구,중랑3팀,1413. 봉화산역 5번출구 뒤,872
영등포구,영남3팀,223. 진주아파트상가 앞,872
서초구,이수2팀,2221. 방일초교 마을버스 정류장,873
중구,훈련원1팀,475.DDP 패션몰,873
성북구,훈련원2팀,1382.래미안월곡아파트 입구,874
종로구,훈련원1팀,3417.창신3동주민센터,876
서초구,이수1팀,4317. 양재근린공원,877
은평구,상암2팀,917. 녹번역 3번출구,877
강북구,도봉4팀,"1533. 번동 주공3, 4단지 교차로",879
동대문구,훈련원3팀,4102. 휘경1동주민센터 앞,880
강남구,학여울1팀,2431.대치역 7번출구,880
관악구,영남2팀,2170. 조원동서울본병원,880
중랑구,중랑3팀,1403. 중화빌딩 앞 (동부시장),880
서초구,이수1팀,2508. 양재이스타빌 앞,881
구로구,천왕2팀,3907. 신도림7차e편한세상아파트 806동 앞,881
강서구,개화2팀,5055. 마곡역5번출구앞,882
영등포구,영남1팀,3206.문래동 주민센터,883
양천구,개화3팀,752. 성원2차 아파트,883
노원구,도봉2팀,4025. 한천교 동편,884
동대문구,훈련원3팀,4113. 한국국방연구원 앞,885
송파구,천호2팀,1228. 마천사거리,885
송파구,학여울2팀,4894. 문정법조단지13,885
마포구,상암1팀,4222. 서울디자인고등학교 앞,885
광진구,중랑1팀,553. 중곡 성원아파트 앞,885
서대문구,상암2팀,3128.동신병원 맞은편,886
중랑구,중랑3팀,1461.동양엔파트 앞,886
성북구,훈련원2팀,4418. 종암동 동덕여대 제2생활관 앞,887
도봉구,도봉3팀,1709. 쌍문역4번출구 주변,887
양천구,개화2팀,732. 신월중학교,887
동작구,영남2팀,4175. 대방역2번출구,888
강남구,이수3팀,2362. 신사동 가로수길 입구,889
동작구,이수2팀,2033. 사당동 아르테스 웨딩앞,889
노원구,도봉2팀,2901.공릉동풍림아파트 101동,890
노원구,도봉1팀,2911.상계역중앙시장,891
마포구,상암1팀,105. 합정역 5번출구 앞,891
양천구,개화3팀,775.세종그랑시아 앞(102동),892
양천구,개화3팀,742. 등촌역 5번 출구 뒤,892
도봉구,도봉3팀,1733. 방학사거리 (봄마당 앞),893
강동구,천호1팀,3687. 신명초교입구 교차로,893
도봉구,도봉3팀,1744.KT방학지사 앞,894
서초구,이수1팀,2202.청계산입구역 1번출구,895
송파구,학여울2팀,1249. 아주중학교건너편,895
영등포구,영남3팀,234. 영등포구민체육센터 앞,895
성동구,중랑2팀,579. 마장역 4번출구,897
용산구,세종로3팀,4619. 한강트럼프월드3차 앞,897
영등포구,영남3팀,289. 대림3동사거리,898
관악구,이수2팀,2112. 서울대입구역 마에스트로,899
성북구,훈련원2팀,1322. 래미안라센트아파트 103동 앞,899
용산구,세종로3팀,832. 이촌1동 주민센터 뒤,899
종로구,훈련원1팀,356. KT혜화지사 앞,900
용산구,세종로3팀,849. 삼각지 자이아파트,900
종로구,훈련원1팀,457. 종로꽃시장 입구 옆,902
노원구,도봉2팀,1681. 현대6차 아파트,902
중랑구,중랑3팀,1407. 먹골역 1번출구 뒤,902
양천구,개화2팀,739. 신월사거리,903
강동구,천호1팀,1027. 프라자 아파트 앞,903
노원구,도봉2팀,4011. 월계 센트럴 아이파크,903
광진구,중랑1팀,3502. 중곡역 1번출구,904
구로구,천왕1팀,1931. 개봉역2번출구 A,904
마포구,상암1팀,400. 상암한화오벨리스크 1차 앞,904
구로구,천왕1팀,1964. 원메디타운 앞,904
마포구,상암1팀,427. 성산시영아파트,908
강남구,이수3팀,2303. 논현역 10번출구,908
서초구,이수1팀,2247.섬들근린공원,908
강북구,도봉4팀,1548. 북서울 꿈의숲 서문,909
강남구,이수1팀,2333. 양재역 3번출구 주변,909
중구,훈련원1팀,389. 을지로4가역 1번출구,909
양천구,개화4팀,736. 오솔길공원,910
중랑구,중랑3팀,4819. 면목동 새싹어린이공원 앞,911
송파구,학여울2팀,4884. H비즈니스파크,911
종로구,세종로1팀,461. 서울지방경찰청,911
강동구,천호1팀,1036. 고덕동 주양쇼핑,911
강서구,개화2팀,1186. 송정중학교,912
관악구,이수2팀,2119. 중앙동 동진빌딩,913
노원구,도봉1팀,4004. 당고개입구오거리 당현천변,914
송파구,학여울2팀,4460. 올림픽훼미리아파트 112동 앞,915
노원구,도봉1팀,4019. 상계주공10단지 버스정류소,916
성동구,중랑2팀,510. 서울숲 남문 버스정류소 옆,917
종로구,훈련원1팀,359. 원남동사거리,918
강동구,천호1팀,3684. 고덕자이(105동 앞),918
중구,세종로1팀,300. 정동사거리,918
강서구,개화1팀,2725.서울식물원 식물문화센터,920
송파구,학여울2팀,2658.가락몰 업무동,920
동대문구,훈련원4팀,610. 동대문중 교차로,921
종로구,세종로2팀,3408.종로타워빌딩,921
양천구,영남1팀,748. 목동운동장,923
용산구,세종로3팀,839. 보광동 삼성리버빌아파트 앞,923
종로구,세종로2팀,464. 삼청동 골목,924
강동구,천호1팀,1081.트레빌빌딩,925
도봉구,도봉3팀,4080. 창동주공19단지앞,927
서초구,이수1팀,2294. 두상빌딩 앞,927
영등포구,영남1팀,288. 쌍용예가(구청별관),927
중구,세종로 4팀,826. 서울역 서부교차로2,927
관악구,이수2팀,2111. 서울대입구역 1번출구,928
마포구,상암1팀,185. 마포 신수공원 앞,929
용산구,세종로 4팀,819. 선린인터넷 고등학교,930
동작구,영남2팀,2016. 신대방삼거리역 3번출구쪽,931
동대문구,훈련원4팀,625. 답십리초등학교 앞(현대시장 옆),932
관악구,영남2팀,3814. 난곡사거리,932
구로구,천왕2팀,1907. 구일우성(아) 육교 밑,934
구로구,천왕2팀,1983. 구로동롯데아파트,934
서대문구,상암1팀,162. 봉원고가차도 밑,934
노원구,도봉1팀,4018. 상계주공15단지 버스정류소,935
양천구,개화4팀,4522. 신곡시장,935
성동구,중랑2팀,4381. 더스페이스타워 앞,936
성북구,훈련원2팀,1318. 길음역 3번출구 뒤,937
강서구,개화3팀,1136. 등촌2파출소,937
노원구,도봉1팀,1639. 희성오피앙,938
성북구,훈련원2팀,1375. 생명의 전화 종합복지관 앞 교차로,939
서초구,이수1팀,2244.교육개발원입구 교차로,939
송파구,천호1팀,1274. 영파여고 앞,940
관악구,영남2팀,2105. 미성동 신림체육센터,941
송파구,천호2팀,1277. 성내6교,942
광진구,중랑1팀,3528. 광진정보도서관,943
성북구,훈련원2팀,1305. 성북구청,944
중구,세종로2팀,3013.서울지방고용노동청 앞,944
영등포구,영남3팀,286. 우성아파트 교차로,945
종로구,훈련원1팀,453. 종로오가 지하쇼핑센터 14번출구,946
은평구,상암3팀,961. 불광역 9번 출구,946
영등포구,영남1팀,3215.강변삼성래미안,947
광진구,중랑1팀,3587.우성식품 앞,947
마포구,상암1팀,109. 제일빌딩 앞,948
노원구,도봉1팀,1666. 노원소방서인근,948
마포구,상암1팀,4210. 가좌행복주택 앞,949
종로구,세종로2팀,354. 포르투갈 대사관 앞,949
동대문구,훈련원3팀,673.안암골벽산아파트(후문),949
영등포구,영남1팀,238. 제2구민체육센타 앞,949
노원구,도봉1팀,4026. 상계주공1단지아파트,950
강서구,개화2팀,2745.수명초등학교,953
마포구,상암1팀,143. 공덕역 2번출구,953
구로구,천왕2팀,1957. 구일고등학교 정문,955
영등포구,영남3팀,3220.래미안에스티움 앞 (신풍로),956
서대문구,상암2팀,4255. 래미안 루센티아 아파트 108동 앞,956
구로구,천왕1팀,2821.청구아파트 앞,957
중구,세종로2팀,320. 을지로입구역 4번출구 앞,958
중랑구,중랑3팀,4812. 묵동 이마트 앞,958
서대문구,상암2팀,3102. 연희삼거리,959
송파구,천호2팀,1265. 문정동 근린공원,961
강서구,개화1팀,2710.라이품 공영주차장 앞,962
강서구,개화4팀,2737.까치산역 3번 출구,962
서초구,이수3팀,2530.삼호3차아파트 앞,962
송파구,학여울2팀,1257. 가락시장역 사거리,962
강서구,개화3팀,2742.강서구민올림픽체육센터,962
종로구,훈련원1팀,456. 숭인2동 주민센터 입구,962
관악구,영남2팀,2187. 현대시장사거리,963
강서구,개화2팀,5066. 아망떼마곡전시장,968
동대문구,훈련원4팀,4108. 답십리파크자이아파트 앞,969
은평구,상암2팀,4652. 신사두산위브2차아파트 앞,970
동작구,영남2팀,2054. 삼익아파트,970
송파구,천호2팀,1214. 오금역 7번 출구 인근,970
도봉구,도봉3팀,1767.태양중앙교회 앞,971
동작구,영남2팀,2007. 유한양행앞,971
영등포구,영남1팀,4557. 리버뷰신안인스빌2차 후문,971
강서구,개화1팀,2740.마곡레포츠센터,972
노원구,도봉1팀,1691. 노원정보도서관,973
강동구,천호1팀,1086.래미안 솔베뉴(구천면로),976
양천구,천왕1팀,763. 목동11단지 아파트,976
동작구,영남2팀,2056. 동작구민 체육센터,976
노원구,도봉2팀,1606. 태릉입구역 3번출구,978
성북구,훈련원2팀,1333. 석관초등학교 앞,979
강북구,도봉4팀,1565.대한병원앞,981
용산구,세종로3팀,4633. 센트럴파크타워 앞,981
은평구,상암2팀,984.상신초등학교앞 버스정류장,981
강동구,천호1팀,1012. 서울 상운차량,982
종로구,훈련원1팀,338. 세운스퀘어 앞,983
은평구,상암3팀,916. 평생학습관 앞,983
종로구,세종로1팀,301. 경복궁역 7번출구 앞,983
노원구,도봉1팀,4031. 청암예술학교 앞,984
동대문구,훈련원4팀,669.청계한신휴플러스앞 삼거리,984
영등포구,영남3팀,292. 영일 어린이공원,985
강서구,개화2팀,2713.우장초등학교 앞,986
용산구,세종로 4팀,846. 용산중학교,986
강서구,개화1팀,5053. 신마곡벽산블루밍메트로오피스텔앞,986
영등포구,영남3팀,255. 도림사거리,987
도봉구,도봉3팀,1705. 도봉구청 정문앞,988
구로구,천왕2팀,1975. 대림역 1번 출입구 밑,989
동대문구,훈련원4팀,4114. 휘경여중고삼거리,990
중랑구,중랑3팀,1440. 면목2동 사거리,991
중랑구,중랑3팀,1456. 상아빌딩(우림시장 교차로),991
마포구,상암1팀,112. 극동방송국 앞,991
노원구,도봉2팀,1685. 불암고등학교 앞 횡단보도,992
중구,세종로1팀,310. 청계광장 옆,992
마포구,상암1팀,420. 서울시 공공자전거 상암센터,992
강동구,천호1팀,1061. 천호초교 입구 사거리(일주빌딩),993
서대문구,상암2팀,165. 중앙근린공원,994
송파구,학여울2팀,2633.송파학사 옆,995
종로구,훈련원1팀,455. 종로6가역 버스정류장(동대문 방향),995
구로구,천왕2팀,3914. 신도림쌍용플래티넘노블아파트 앞,996
동대문구,훈련원3팀,661. 경희대학교 청운관,996
노원구,도봉1팀,4020. 중계동 성모빌딩 앞,997
종로구,훈련원1팀,4711. 올림픽기념 국민생활관 로터리,997
강서구,개화1팀,3758. 서울남부출입국관리소,998
중구,세종로2팀,4791. 명동역9번 출구,998
종로구,세종로1팀,369. 광화문 시민열린마당,999
강남구,학여울2팀,2342. 대청역 1번출구 뒤,999
중구,세종로2팀,433. 을지로입구역 2번출구,1000
강서구,개화3팀,1174. 강서구청사거리(부민병원),1001
송파구,학여울2팀,1206. 9호선종합운동장역 9번출구,1001
영등포구,영남1팀,4598. 오목교 동측 지하보도,1001
양천구,영남1팀,4532. 목동현대아파트 후문 앞,1002
성동구,중랑2팀,4377. 우영테크노센터 앞,1004
마포구,상암1팀,182. 망원2빗물펌프장 앞,1006
양천구,개화3팀,749. 이대목동병원보도육교,1007
금천구,천왕3팀,1804. 독산역 2번출구 자전거주차장,1007
은평구,상암3팀,908. 구산역 4번출구,1007
성동구,중랑2팀,530. 청계벽산아파트 앞,1009
양천구,개화3팀,"773.염창역 3, 4번 출구 사이",1010
광진구,중랑1팀,3879. 중랑천 뚝방길 산책로 입구,1010
송파구,천호2팀,2644. 성내5교,1010
관악구,이수2팀,2104. 사당역 5번출구,1011
노원구,도봉2팀,2904.중계3차청구아파트,1014
서대문구,상암2팀,3120.DMC엘가아파트 앞,1015
영등포구,영남1팀,3205.문래현대2차,1015
중랑구,중랑3팀,1450. 화랑대역 7번출구,1017
강북구,도봉4팀,1535. 효성인텔리안 앞,1017
은평구,상암2팀,4657. 본 서부병원 교차로 사거리,1018
마포구,상암1팀,111. 상수역 2번출구 앞,1019
은평구,상암2팀,989. 신응교(가좌로) 앞,1020
노원구,도봉1팀,1697.상계주공2단지 219동,1021
영등포구,영남1팀,266. 영등포청과시장 사거리,1022
강서구,개화1팀,5062. 마곡동 767-6,1025
동대문구,훈련원3팀,633. 청량리 기업은행 앞,1026
종로구,훈련원1팀,3420. 성균관대입구사거리,1026
광진구,중랑1팀,3578.중곡동 파크웨이빌딩,1026
강남구,학여울2팀,2404. 대모산입구역 4번 출구 앞,1026
강서구,개화1팀,1108. 공항시장역 2번출구 뒤,1027
중구,훈련원1팀,380. CJ제일제당 앞,1028
노원구,도봉1팀,1667. 중계중학교,1028
강남구,학여울1팀,2414. 도곡역 아카데미스위트 앞,1029
종로구,세종로2팀,353. 재동초교 앞 삼거리,1030
강동구,천호1팀,1028. 포레스 주상복합 빌딩,1030
구로구,천왕2팀,1974. 신도림2차e편한세상아파트 203동 앞,1030
영등포구,영남3팀,215. 여의도고교 앞,1032
동작구,영남2팀,2003. 사육신공원앞,1034
강서구,개화3팀,1121. 가양레포츠센터 앞,1034
성북구,훈련원2팀,1362. 보문역6번출구 앞,1034
강서구,개화2팀,1141. 곰달래 문화복지센터 1-1,1035
양천구,개화4팀,758. 한사랑교회 앞,1036
양천구,개화4팀,711. 신일해피트리아파트 앞,1037
성동구,중랑2팀,3550.금호나들목,1038
강남구,학여울1팀,2332. 선릉역3번출구,1038
강서구,개화2팀,1148. 볏골공원,1039
강서구,개화2팀,1168. 마곡엠밸리10단지 앞,1040
금천구,천왕2팀,1848. 벽산 디지털밸리 5차,1041
동대문구,훈련원3팀,4104. 외대앞역 교차로,1042
강서구,개화1팀,3762. 마곡9단지 907동앞,1042
송파구,학여울2팀,4491. 장지역 1번출구,1042
노원구,도봉2팀,4024. 꿈의숲 SK뷰 아파트,1043
강서구,개화2팀,2746.수명산파크 4단지 411동 앞,1044
구로구,천왕1팀,1987. 개봉아이파크아파트 앞,1046
구로구,천왕2팀,1920. 서울미래초등학교 사거리,1047
중구,세종로 4팀,445.대한상공회의소,1047
노원구,도봉2팀,1640. 한내근린공원 북측,1049
동대문구,훈련원4팀,624. 전농동 동아아파트 앞,1050
동작구,이수2팀,2032. 이수역 11번출구쪽,1050
강서구,개화3팀,1139. 용문사 버스정류장,1052
성동구,중랑2팀,557. 도선동 주민센터 앞,1055
강북구,도봉4팀,1514. 강북구청 사거리 버스정류소 앞,1056
용산구,세종로3팀,815. LIG강촌아파트 103동앞,1058
중랑구,중랑3팀,1471.동양쇼핑 정류소 앞,1060
강서구,개화3팀,5075. 등촌역 1번출구,1060
종로구,세종로2팀,454. 종로2가 버스정류장 (종각방향),1060
종로구,세종로1팀,367. 독립문역 3-1번출구,1061
동대문구,훈련원3팀,637. KAIST 경영대학 앞,1063
양천구,개화4팀,722. 경서농협 버스정류장(우리은행신정동지점방향),1063
광진구,중랑1팀,516. 광진메디칼 앞,1063
중랑구,중랑3팀,1478.홈플러스 상봉점 앞,1064
구로구,천왕2팀,1962. 가리봉동주민센터,1064
중구,훈련원1팀,387. 훈련원공원주차장 앞,1064
금천구,천왕3팀,1834. 월드메르디앙 벤처센터 2차,1064
용산구,세종로3팀,860.LG한강 자이아파트 앞,1066
강서구,개화2팀,1177. 수명중?고교,1067
도봉구,도봉3팀,1707. 도봉구민회관,1067
강동구,천호1팀,1075.천동초교 삼거리,1067
영등포구,영남3팀,204. 국회의사당역 5번출구 옆,1069
송파구,학여울2팀,2605. 복정역 1번 출구 앞,1070
구로구,천왕2팀,1984. 구로구청,1072
강동구,천호1팀,1088.풍납사거리(강동),1073
성북구,훈련원2팀,1396.래미안장위퍼스트하이(513동),1074
관악구,영남2팀,2175. 신림동걷고싶은문화의거리입구,1074
구로구,천왕2팀,1959. 구로구의회 앞,1075
송파구,천호2팀,2653.올림픽공원사거리(선수촌아파트),1075
송파구,천호2팀,4500. 풍납나들목,1075
강서구,개화2팀,5061. 우장산동 가곡어린이공원앞,1075
영등포구,영남1팀,3201.당산skv1센터,1076
중구,훈련원1팀,346. 맥스타일 앞,1077
송파구,천호2팀,2651.경찰병원역 3번출구 앞,1077
용산구,세종로 4팀,834. 효창공원앞역 3번출구 뒤,1079
강서구,개화1팀,1194. 센서텍㈜,1079
마포구,상암1팀,126. 서강대 후문 옆,1080
영등포구,영남3팀,3214.영등포 푸르지오,1081
노원구,도봉1팀,4028. 한일유앤아이아파트 105동 인근,1081
송파구,천호2팀,4464. 올림픽공원 북2문,1082
동대문구,훈련원4팀,639. 서울시립대 후문,1082
강서구,개화3팀,1185. 등촌9단지,1085
강서구,개화1팀,3775. 가양오토갤러리,1085
강서구,개화1팀,3756. 마곡힐스테이트 정문,1085
금천구,천왕3팀,1830. 빅마켓 금천점 앞,1086
성북구,훈련원2팀,1338. 용문2교 옆,1088
종로구,훈련원1팀,345. 서울보증보험본사 앞,1089
구로구,천왕2팀,1956. 동아1차APT105동 버스정류장(신도림중학교 방면),1090
종로구,세종로2팀,329. 청계2가 사거리 옆,1091
구로구,천왕2팀,2000. 신도림4차 e편한세상 아파트 1109동 앞,1092
강서구,개화2팀,3764. 관문주유소(GS칼택스) 앞,1092
강서구,개화3팀,1170. 강서구보건소,1095
동대문구,훈련원4팀,657. 동대문롯데캐슬아파트 앞,1096
강북구,도봉4팀,1552. 강북구청사거리(던킨도너츠 앞),1096
구로구,천왕1팀,1933. 개봉푸르지오아파트 상가,1097
종로구,세종로2팀,314. 국립현대미술관,1098
노원구,도봉2팀,2909. 석계역 3번 출구,1099
성북구,훈련원2팀,1385.성신여대입구역 3번출구 앞,1100
종로구,훈련원1팀,339. 종로4가 사거리,1100
영등포구,영남1팀,4594. 양평교 영등포대여소,1107
용산구,세종로 4팀,838. 숙대입구역 4번출구,1107
중랑구,중랑3팀,1433. 중화역 2번출구,1107
노원구,도봉1팀,2913.상계8동 주민센터,1109
강서구,개화2팀,3760. 발산역 8번 출구,1110
종로구,세종로2팀,4708. 조계사앞사거리,1110
중랑구,중랑3팀,1401. 극동늘푸른아파트,1112
영등포구,영남1팀,231. 남부고용노동지청 남측,1112
노원구,도봉2팀,1677. 육군사관학교 앞,1114
성북구,훈련원2팀,1327. 상월곡역 3번출구,1115
서대문구,상암2팀,178. 증산3교 앞,1115
광진구,중랑1팀,3860. 건국대학교 정문 앞,1116
동작구,영남2팀,237. 보라매 두산위브 건너편,1116
중랑구,중랑3팀,1431. 중랑구청 사거리,1117
동대문구,훈련원3팀,663. 외대앞역 4번출구,1119
성동구,중랑2팀,513. 뚝섬역 5번 출구 정류소 옆,1122
성동구,중랑2팀,550. 서울시설공단 앞,1122
송파구,천호2팀,1260. 방이동 한양3차아파트 옆,1122
중랑구,중랑3팀,1446. 중랑전화국 교차로,1122
서대문구,상암2팀,3121.가좌삼거리,1122
강서구,개화1팀,2702. 마곡 엠밸리2단지,1123
관악구,영남2팀,2115. 관악구시설관리공단,1123
강남구,이수3팀,2407. 역삼.서초.삼성 세무서 앞 (역삼빌딩 앞),1123
종로구,세종로2팀,3432.종로2가 사거리,1125
영등포구,영남3팀,201. 진미파라곤 앞,1125
광진구,중랑1팀,3566.우성4차아파트,1125
종로구,세종로2팀,4705. 웰니스센터(민방위교육장 앞),1128
관악구,영남2팀,2169. 봉천역 2번출구,1129
서초구,이수3팀,2525.반포쇼핑타운 2동 앞,1130
구로구,천왕1팀,1991. 오류동역 맞은편,1133
종로구,훈련원1팀,341. 혜화역 3번출구 뒤,1134
마포구,상암1팀,412. DMC산학협력연구센터 앞,1134
동작구,영남2팀,2067. 보라매역?동작세무서 버스정류장(강남중학교방면),1137
관악구,영남2팀,2108. 은천치안센터,1137
관악구,영남2팀,2164. 관악우체국,1137
도봉구,도봉3팀,4077. 도봉제1교,1138
서대문구,상암2팀,3125.연희파크푸르지오아파트 앞,1139
종로구,세종로1팀,348. 독립문역 사거리,1139
마포구,상암1팀,492.성산시영아파트 후문,1142
강남구,학여울1팀,2335. 3호선 매봉역 3번출구앞,1142
관악구,영남2팀,2106. 세이브마트,1144
양천구,개화3팀,4527. 목동신시가지아파트6단지,1145
동대문구,훈련원4팀,658. 촬영소 사거리,1145
구로구,천왕2팀,1908. 해원리바파크 육교 밑,1147
성동구,중랑2팀,558. 성동광진 교육지원청 앞,1148
중랑구,중랑3팀,1416. 상봉역 3번출구,1148
강서구,개화4팀,1146. 곰달래사거리,1149
서초구,이수2팀,2222.사당역 12번출구 뒤,1149
광진구,중랑1팀,571. 어린이대공원역6번출구,1152
송파구,학여울2팀,1269. 리센츠아파트,1155
양천구,개화3팀,700. KB국민은행 염창역 지점 앞,1155
송파구,천호2팀,2638.쌍용아파트,1155
관악구,영남2팀,2103. 신림동 우방아파트,1156
양천구,영남1팀,796.목동아파트 14단지 B상가 앞,1156
강서구,개화3팀,1172. 가양3동 주민센터,1157
마포구,상암1팀,411. DMC홍보관,1157
강서구,개화3팀,1169. 염창역 1번 출구,1157
강서구,개화3팀,1175. 대한항공 인력개발센터,1158
종로구,훈련원1팀,3415.동대문역6번출구,1158
성동구,중랑2팀,511. 서울숲역 5번 출구 옆,1159
강남구,학여울2팀,2384. 자곡사거리,1159
구로구,천왕1팀,1952. 천왕연지타운2단지 앞,1159
노원구,도봉2팀,1670. 노원경찰서교차로,1162
은평구,상암1팀,972. 수색역,1163
강동구,천호1팀,3656. 둔촌푸르지오아파트,1167
강서구,개화1팀,5064. 양천향교역8번출구,1169
양천구,영남1팀,756. 목동주차장,1171
서대문구,상암2팀,166. 가재울 초등학교,1171
동작구,영남2팀,2070. 노량진역 2번 출구 앞,1171
동작구,이수2팀,2060. 남성역3번출구 뒤,1171
광진구,중랑1팀,3581.광진광장,1173
영등포구,영남1팀,265. 영등포유통상가 사거리,1174
강동구,천호1팀,1001. 광진교 남단 사거리(천호공원 방면),1174
강북구,도봉4팀,"1501. 미아역 3번,4번 출구 사이",1175
금천구,천왕3팀,1824. 독산근린공원 입구,1177
영등포구,영남1팀,264. 교보생명보험 앞,1179
마포구,상암1팀,124. 서강대 정문 건너편,1180
중랑구,중랑3팀,1404. 동일로 지하차도,1180
성동구,중랑2팀,507. 성수아이에스비즈타워 앞,1181
도봉구,도봉3팀,1708. 보건소사거리(다비치안경창동점),1182
영등포구,영남3팀,225. 앙카라공원 앞,1182
종로구,세종로2팀,368. SK 서린빌딩 앞,1184
강동구,천호1팀,1004. 삼성광나루아파트 버스정류장,1186
양천구,개화3팀,747. 목동3단지 상가,1187
종로구,세종로2팀,4713. 현대 뜨레비앙 아파트 앞,1189
동작구,영남2팀,4169. 신대방삼거리,1189
중랑구,중랑3팀,4813. 망우지구대,1194
영등포구,영남3팀,252. 보라매역4번출구,1194
성북구,훈련원2팀,1359. 장위뉴타운 꿈에 숲 코오롱 하늘채 앞,1194
서초구,이수3팀,2279. 교대역 5번출구뒤,1196
강북구,도봉4팀,1530. 광산사거리,1197
강서구,개화2팀,1127. 화곡역 버스정류장,1197
영등포구,영남3팀,248. 초원아파트 앞,1199
강서구,개화1팀,1113. 서남환경공원 버스정류장,1199
서초구,이수3팀,2211. 서초구립반포도서관 앞,1200
중랑구,중랑3팀,1462.동부시장 북문 앞,1201
노원구,도봉2팀,4036. 하계역 6번출구,1202
중구,훈련원1팀,481.신당역 10번 출구,1203
성북구,훈련원2팀,1319. 종암사거리 분수대,1205
송파구,학여울2팀,1224. 아시아지하보도 2번 출구,1206
종로구,훈련원1팀,344. 성균관대 E하우스 앞,1206
강동구,천호1팀,1021. 강일동 리슈빌 빌딩앞,1206
송파구,천호2팀,1259. 방이역 1번출구,1206
중구,훈련원1팀,374. 청구역 2번출구 앞,1208
마포구,상암1팀,3011.경의선(노고산동),1208
송파구,학여울2팀,2648.헬리오시티 112동 앞,1209
마포구,상암1팀,490.가온문화공원,1210
강서구,개화2팀,3785. 마곡14단지 1408동앞,1210
성동구,중랑2팀,537. 한양대후문역 부근,1210
중구,세종로2팀,398. 을지로3가역 3번출구,1212
성북구,훈련원2팀,1372. KEB은행 고대점,1213
서대문구,상암2팀,179. 가좌역 4번출구 앞,1213
광진구,중랑1팀,577. 광진청소년수련관,1215
광진구,중랑1팀,3865. 이튼타워리버 2차,1217
광진구,중랑1팀,3586.군자역 비채온 오피스텔,1217
마포구,상암1팀,426. 서울신용보증재단,1218
양천구,천왕1팀,4535. 목동12단지 아파트,1220
송파구,학여울2팀,4897. 잠실주공5단지1,1220
성동구,중랑2팀,3552.서울숲 공영주차장앞,1220
강동구,천호1팀,1059. 래미안 강동팰리스(102동),1222
중구,훈련원1팀,390. 충무로역 1번출구,1225
강동구,천호1팀,1017. 둔촌고교입구 교차로(길동주민센터 방면),1225
송파구,천호2팀,1204. 거여역 3번출구,1226
광진구,중랑1팀,546. 잠실대교북단 교차로,1227
마포구,상암1팀,157. 애오개역 4번출구 앞,1227
동대문구,훈련원3팀,674.고대앞사거리 교통섬,1228
강동구,천호1팀,3671. 둔촌동역교차로,1229
노원구,도봉2팀,4007. 노원 을지대학교 병원,1229
중구,세종로2팀,4796. 부산은행,1229
송파구,천호2팀,4859. 잠실나루 나들목,1230
동대문구,훈련원3팀,605. 신설동역8번출구,1231
종로구,세종로2팀,334. 종로3가역 2번출구 뒤,1231
강서구,개화1팀,2735.마곡 공공청사,1232
서초구,이수2팀,2230.이수역 4번 출구,1233
마포구,상암1팀,108. 서교동 사거리,1235
성북구,훈련원2팀,1390.석관래미안아트리치,1235
송파구,학여울2팀,1245. 문정 법조단지9,1235
도봉구,도봉3팀,1762.북한산 한신휴플러스APT앞,1236
강서구,개화2팀,"5074. 마곡엠밸리14단지 버스정류장(마곡엠밸리11,12단지상가방면)",1236
강서구,개화1팀,1190. 마곡역 교차로(2번출구),1239
구로구,천왕2팀,1912. 한신휴아파트 앞,1239
중구,훈련원1팀,4765. 동대문디자인플라자,1239
성동구,중랑2팀,3560.성동구 견인차량 보관소 앞,1240
송파구,천호2팀,4484. 잠실나루역4번출구뒤,1240
중구,훈련원1팀,4792. 퇴계로4가 교차로(중구청),1241
강서구,개화2팀,2741.마곡수명산파크5-6단지,1244
노원구,도봉1팀,1689. 마들역 3번출구,1247
강서구,개화1팀,2727.서울식물원 잔디마당 앞,1247
관악구,이수2팀,2171. 서울대입구역 5번출구,1250
강서구,개화1팀,3774. 마곡9단지 910동 상가앞,1251
양천구,개화3팀,768.목동5단지아파트 501동,1252
구로구,천왕2팀,3905. 희훈타워빌 앞,1252
송파구,학여울2팀,4876. 삼전동주민센터 앞,1253
동대문구,훈련원4팀,678.장안힐스테이트(아) 앞,1254
마포구,상암1팀,119. 서강나루 공원,1256
관악구,영남2팀,3811.신사로입구,1256
노원구,도봉1팀,4037. 물넘이교,1260
강서구,개화1팀,2724.(재)FITI시험연구원,1261
송파구,천호2팀,1226. 잠실4동 주민센터 옆,1262
마포구,상암1팀,107. 신한은행 서교동지점,1262
종로구,세종로2팀,326. 안국역 5번출구 앞,1262
광진구,중랑1팀,3868. 자양한강도서관,1266
종로구,훈련원1팀,355. 서울사대부속초교 앞,1269
송파구,천호2팀,1227. 거여역 8번출구 뒤,1270
서대문구,상암2팀,3119.연희 브라운스톤 아파트 앞,1272
광진구,중랑1팀,3573.광나루안전체험관,1274
강남구,이수3팀,3606. 신사동주민센터 옆,1274
송파구,학여울2팀,4852. 서울복합물류 게이트 1,1275
강서구,개화1팀,2707.한강아파트,1275
서초구,이수1팀,2252. 잔디마을 마을버스 정류장,1277
양천구,개화3팀,754. 목동1단지아파트 118동 앞,1277
동작구,영남2팀,2013. 장승배기역 5번출구,1279
영등포구,영남3팀,220. 미성아파트 A동 앞,1280
성동구,중랑2팀,582. 경일중학교 앞,1281
중랑구,중랑3팀,1448. 코스트코 상봉점,1283
서대문구,상암1팀,116. 일진아이윌아파트 옆,1284
영등포구,영남3팀,226. 샛강역 1번출구 앞,1286
마포구,상암1팀,4218. 디지털매직스페이스,1286
노원구,도봉2팀,4008. 하계 어린이 공원,1287
은평구,상암3팀,950. 구산역 2번 출구 예일여고 버스정류장,1288
강서구,개화2팀,5070. 마곡13단지힐스테이트마스터 후문(1320동 앞),1289
용산구,세종로3팀,816. 신용산역 6번출구 앞,1292
강서구,개화2팀,1128. 화곡역 6번출구,1292
중랑구,중랑3팀,1442. 중랑구 중소기업 창업센터,1293
광진구,중랑2팀,3506. 영동대교 북단,1294
강서구,개화2팀,2732.마곡수명산 1-2단지,1294
노원구,도봉2팀,1602. 광운대역 앞,1295
광진구,중랑1팀,593.자양중앙나들목,1296
종로구,세종로2팀,327. 낙원상가 옆,1299
노원구,도봉1팀,5301. 상계주공1단지 버스정류장 옆(대원빌딩 앞),1299
은평구,상암3팀,933. 역촌종합시장 버스정류장(예일여고 방면),1300
서초구,이수3팀,2231. 삼성타운(삼성생명) A동 맞은편,1300
노원구,도봉2팀,1605. 헬스케어,1302
노원구,도봉2팀,1619. 중계동 하나프라자빌딩 앞(중1-1),1302
중구,훈련원1팀,4798. 황학동롯데캐슬,1302
동대문구,훈련원4팀,642. 신답역 사거리,1303
중랑구,중랑3팀,1455. 상봉역 2번 출구,1304
송파구,천호2팀,1278. 송파구청 교차로,1304
강서구,개화1팀,2706.강서공업고등학교 앞,1305
노원구,도봉1팀,1690. 도봉운전면허시험장 버스정류장 옆,1305
금천구,천왕3팀,1841. 가산동 주민센터,1306
구로구,천왕2팀,1958. 강서수도사업소민원센터,1307
동작구,영남2팀,2059. 보라매공원 정문,1308
강동구,천호1팀,1076. 천동초교입구사거리 버스정류장(십자성마을 방면),1311
성동구,중랑2팀,3549.건영아파트 앞,1312
송파구,천호1팀,1208. 풍납현대아파트쉼터,1312
용산구,세종로3팀,841. 신용산역 1번 출구,1312
양천구,개화3팀,701. 목동사거리 부근,1314
서초구,이수3팀,2265. 이수고가차도 남단,1315
강동구,천호1팀,1048. 둔촌어린이공원,1316
노원구,도봉2팀,4041. 공릉역3번출구,1317
동대문구,훈련원3팀,615. 용두동 래미안허브리츠아파트 앞,1321
도봉구,도봉3팀,1737. 하나은행 (창동점),1322
동대문구,훈련원4팀,626. 군자교 서측 녹지대,1323
영등포구,영남1팀,267. 삼성화재 사옥 옆,1323
영등포구,영남3팀,4568. 영등포로터리,1324
종로구,세종로2팀,385. 종각역 5번출구,1324
성북구,훈련원2팀,4408. 돌곶이역 앞,1325
영등포구,영남3팀,258. 신길역3번출구,1326
노원구,도봉2팀,1683. 노원문화예술회관,1328
성동구,중랑2팀,525. 한양대병원사거리,1328
은평구,상암2팀,915. 증산역 4번출구,1328
성동구,중랑2팀,521. 왕십리역 11번 출구 앞,1329
강동구,천호1팀,1035. 고덕역 4번출구,1331
영등포구,영남3팀,3212.신풍역 6번출구,1332
영등포구,영남3팀,279. 영등포 푸르지오 아파트,1332
강서구,개화1팀,3778. 김포공항입구 교차로,1336
종로구,세종로1팀,4710. 자교교회 앞,1337
서초구,이수3팀,2220. 반포본동 주민센터 앞,1338
송파구,학여울2팀,4465. 건영아파트앞 사거리,1340
성북구,훈련원2팀,1336. 성북3교 위,1345
강서구,개화1팀,2729.넥센 유니버시티 앞,1345
노원구,도봉2팀,4013. 중계 롯데마트,1346
종로구,훈련원1팀,340. 혜화동 로터리,1348
송파구,천호2팀,1212. 송파역 2번 출구앞,1349
마포구,상암1팀,417. DMC역 2번출구 옆,1350
양천구,개화3팀,719. 홍익병원앞 교차로,1351
마포구,상암1팀,414. 상암동주민센터 옆,1352
송파구,학여울2팀,2618. 삼전역 1번출구,1354
성북구,훈련원2팀,1332. 석계역 5번출구 건너편,1355
성북구,훈련원2팀,1381.석계역 4번출구 뒤,1357
노원구,도봉1팀,4003. 상계초교 입구 교차로 명주빌딩 앞,1360
서대문구,상암1팀,128. 신촌역(2호선) 1번출구 옆,1362
송파구,천호2팀,2630.서울방이동 고분군,1363
송파구,천호2팀,1282. 송파소방서 맞은편(성내4교),1364
은평구,상암3팀,905. 구파발역 2번출구,1367
동대문구,훈련원3팀,650. 중랑교사거리,1367
강서구,개화1팀,1155. 기쁜우리복지관,1368
강서구,개화1팀,3757. 신방화역 6번출구,1369
마포구,상암1팀,181. 망원초록길 입구,1371
마포구,상암1팀,4220. 신촌 청년주택,1373
송파구,학여울2팀,4453. 위례중앙푸르지오 201동 앞,1377
중랑구,중랑3팀,1458. 상봉터미널2,1378
동대문구,훈련원3팀,4125. 회기역 2-①번출구,1380
양천구,개화3팀,766. 신목동역 3번출구,1380
노원구,도봉2팀,1669. 중계역 3번출구,1381
성북구,훈련원2팀,1369. 미아사거리,1383
노원구,도봉2팀,2908. 광운대학교 중앙도서관,1385
노원구,도봉2팀,2912.대진고등학교,1385
강북구,도봉4팀,1529. 미아동 한국전력공사,1387
성북구,훈련원2팀,1380.월곡역 5번출구 앞,1388
강서구,개화1팀,3788. 정곡나들목,1389
광진구,중랑1팀,3582.화양동 우체국,1390
광진구,중랑1팀,539. 군자교교차로,1390
노원구,도봉1팀,1656. 중앙하이츠 아파트 입구,1391
도봉구,도봉3팀,1738. 창동주공17단지 상가앞,1392
강동구,천호1팀,1022. 길동 사거리(초소앞),1393
마포구,상암1팀,3009.서교동사거리(신),1394
양천구,개화4팀,794.양천문화회관,1398
동대문구,훈련원4팀,4121. 서울문화재단 앞,1398
광진구,중랑1팀,542. 강변역 4번출구 뒤,1399
강서구,개화2팀,3796. 송정역 3번출구 앞,1401
양천구,개화4팀,716.신정6동 주민센터 인근,1402
서초구,이수3팀,2505. 우성아파트사거리 (기업은행앞),1402
강동구,천호1팀,3657. 서울천호동우체국,1403
구로구,천왕2팀,1901. 신도림동주민센터 앞,1406
강동구,천호1팀,3664. 맥도날드 서울둔촌DT점 앞,1406
양천구,개화3팀,793.목동5단지아파트 534동,1407
중구,훈련원1팀,474.동대문역사문화공원역 1번출구 뒤편,1410
강서구,개화3팀,3794. 안양천합수부(현대3차아파트),1413
송파구,학여울2팀,1235. 잠실트리지움310동 옆,1414
강서구,개화3팀,1140. 목동사거리 버스정류장,1415
영등포구,영남3팀,4559. 신길역 2번출구,1417
서초구,이수3팀,2217.아크로리버뷰 부지 앞,1418
종로구,세종로1팀,308. 광화문 S타워 앞,1420
성동구,중랑2팀,3548.뚝섬역 6번출구,1420
영등포구,영남3팀,214. 금융감독원 앞,1420
광진구,중랑1팀,543. 구의공원(테크노마트 앞),1421
송파구,천호2팀,4486. 홈플러스 잠실점,1422
종로구,세종로2팀,3407.안국동사거리(신),1423
서대문구,상암2팀,123. 문화촌 공원,1423
구로구,천왕1팀,1988. 고척LIGA아파트 앞,1424
동대문구,훈련원3팀,635. 시조사 앞 (청량고정문 옆),1424
양천구,영남1팀,4514. 목동성당 앞,1427
은평구,상암3팀,911. 은평평화공원(역촌역4번출구),1435
노원구,도봉1팀,1668. 중계역 6번출구,1438
영등포구,영남3팀,221. 여의도초교 앞,1439
은평구,상암2팀,912. 응암오거리,1440
강동구,천호1팀,1013. 강동구청역 1번 출입구,1440
송파구,학여울2팀,2635.잠실새내역 1번출구,1441
서초구,이수3팀,"4330. 반포한강공원입구,씨티21옆",1441
구로구,천왕1팀,1977. 천왕역 1번 출입구 앞,1442
은평구,상암2팀,956. 응암시장교차로,1442
송파구,학여울2팀,4483. 잠실나들목4,1444
은평구,상암2팀,943. 은평구청 보건소,1444
양천구,개화3팀,702. 목4동주민센터 옆,1445
광진구,중랑1팀,573. 구의문주차장 앞,1446
서초구,이수1팀,2255.시민의숲역 1번출구 옆,1447
성북구,훈련원2팀,1337. 돈암성당 옆,1447
강서구,개화1팀,2722.마곡 문영비지웍스,1448
영등포구,영남1팀,244. 영등포삼환아파트 앞,1450
종로구,훈련원1팀,363. 신설동역 11번출구 뒤,1452
성동구,중랑2팀,3544.한양대역 3번 출구,1452
성동구,중랑2팀,561. 서울숲역 2번출구 앞,1458
마포구,상암1팀,153. 성산2교 사거리,1458
마포구,상암1팀,438. 성산2-1 공영주차장,1460
강서구,개화3팀,1132. 등촌역 7번출구,1461
동대문구,훈련원3팀,660. 동의보감타워,1461
강서구,개화2팀,1129. 화곡역 1번 출구 앞,1463
송파구,학여울2팀,1221. 삼전역 4번출구,1464
노원구,도봉1팀,1692. 온곡초교 교차로,1473
영등포구,영남3팀,219. 롯데캐슬엠파이어 옆,1482
영등포구,영남3팀,4575. 대림동 e편한세상영등포아델포레,1484
관악구,영남2팀,2140. 신림1교 교차로,1486
종로구,훈련원1팀,362. 청계8가 사거리,1487
송파구,학여울2팀,1205. 종합운동장역 4번출구,1489
강서구,개화2팀,1131. 꿈돌이공원 앞,1494
노원구,도봉1팀,1688. 마들역 7번출구,1494
노원구,도봉1팀,1661. 당현천근린공원,1498
마포구,상암1팀,148. 용강동 주민센터 앞,1500
중구,훈련원1팀,473.을지로4가역 9번출구,1501
양천구,영남1팀,786.목동아파트 8단지 상가동 앞,1502
용산구,세종로3팀,837. 한남나들목 입구,1503
영등포구,영남1팀,290. 당산동 SK V1 빌딩,1503
강서구,개화2팀,3759. 이대서울병원,1504
성동구,중랑2팀,529. 장한평역 8번 출구 앞,1505
강서구,개화2팀,1126. 우장산역 1번출구옆(우장산아이파크105동앞),1507
양천구,천왕1팀,788.양천구청역 2번출구 옆,1512
성북구,훈련원2팀,1384.성신여대입구역 5번출구,1515
강서구,개화1팀,3784. 벽산아파트,1516
강동구,천호1팀,1047. 강동 한신휴플러스,1518
강서구,개화2팀,2718.마곡수명산파크1단지,1519
강서구,개화1팀,2730.마곡메가박스 앞,1519
강서구,개화1팀,1150. 송정역 1번출구,1521
영등포구,영남1팀,4553. 당산삼성2차아파트,1523
강남구,이수1팀,2340. 삼호물산버스정류장(23370) 옆,1527
동대문구,훈련원3팀,609. 제기2교,1530
종로구,훈련원1팀,3416.동묘앞역 6번출구,1531
노원구,도봉2팀,1616. 하계2동 공항버스정류장 옆,1533
광진구,중랑1팀,590. 건국대학교 (입학정보관),1534
강서구,개화3팀,1120. 대림경동아파트앞,1534
광진구,중랑1팀,576. 광나루역 3번 출구,1534
영등포구,영남3팀,203. 국회의사당역 3번출구 옆,1539
광진구,중랑1팀,3517. 용마사거리,1541
도봉구,도봉3팀,1741. 제일강산수산입구,1544
성동구,중랑2팀,578. 성동세무서 부근,1544
영등포구,영남3팀,4564. 63스퀘어,1549
노원구,도봉1팀,1657. 노원구청,1551
성북구,훈련원2팀,1306. 한성대입구역2번출구,1552
강서구,개화2팀,1192. 마곡수명산파크 209동 건너편,1553
용산구,세종로 4팀,818. 숙명여대 입구 교차로,1554
영등포구,영남1팀,296.KT플라자 영등포점,1559
강동구,천호1팀,1078.둔촌사거리,1565
강서구,개화3팀,1135. 강서구의회,1566
동작구,영남2팀,2080. 대방지하보도(대방동경남아너스빌아파트),1570
송파구,천호2팀,1215. 올림픽공원역 1번출구 앞,1571
송파구,학여울2팀,2606. 위례동주민센터 맞은편 근린공원,1571
강동구,천호1팀,1077.강동역 1번출구 앞,1571
강동구,천호1팀,1002. 해공공원(천호동),1577
영등포구,영남3팀,211. 여의도역 4번출구 옆,1579
용산구,세종로3팀,825. 서빙고동 주민센터 앞,1583
영등포구,영남3팀,209. 유진투자증권빌딩 앞,1584
서대문구,상암2팀,194. 증산교 앞,1584
종로구,세종로1팀,305. 종로구청 옆,1585
서초구,이수3팀,2264. 이수역 1번출구,1586
금천구,천왕3팀,3966. 독산역1번출구 옆,1592
송파구,학여울2팀,2601. 석촌호수 아뜰리에,1595
강서구,개화3팀,1119. 염창동 한마음아파트 앞,1596
마포구,상암1팀,487.신석초교앞 교차로 교통섬,1598
송파구,학여울2팀,2619. 석촌고분역 4번출구,1600
구로구,천왕2팀,2801. 대륭포스트타워1차,1600
영등포구,영남1팀,268. 그랜드컨벤션센터 앞,1603
마포구,상암1팀,104. 합정역 1번출구 앞,1608
용산구,세종로3팀,829. 베르가모앞,1609
강남구,학여울1팀,3627. 압구정나들목,1612
송파구,천호2팀,1262. 송파여성문화회관 앞,1613
동대문구,훈련원4팀,643. 동대문구민체육센터 (육교아래),1615
영등포구,영남1팀,284. 센트럴 푸르지오 시티 앞,1615
영등포구,영남3팀,205. 산업은행 앞,1616
강서구,개화1팀,1111. 마곡엠밸리6_7단지 마곡중학교,1620
송파구,천호2팀,4481. 올림픽공원 북2문 2,1622
강동구,천호1팀,1029. 성내어울터,1625
동작구,영남2팀,2058. 동작경찰서,1626
도봉구,도봉3팀,1742. 북한산 코오롱 하늘채,1626
관악구,영남2팀,2113. 관악동작견인차량보관소,1629
노원구,도봉2팀,2915.서울과학기술대학교(어학교육원),1636
마포구,상암1팀,493.홍대입구역 6번출구,1636
강동구,천호1팀,1023. 한국종합기술사옥 앞,1636
노원구,도봉2팀,2910.도깨비시장,1637
양천구,영남1팀,731. 서울시 도로환경관리센터,1639
광진구,중랑1팀,501. 광진구의회 앞,1639
서대문구,상암2팀,175. 홍연2교옆,1639
노원구,도봉1팀,1686. 상계주공10단지 종합상가 앞,1639
송파구,학여울2팀,2637. 아시아지하보도 14번 출구,1643
중랑구,중랑3팀,1414. 사가정역 2번출구,1645
중랑구,중랑3팀,1449. 상봉역 1번출구,1645
마포구,상암1팀,409. 누리꿈스퀘어 옆,1648
강서구,개화2팀,1199. 우장산역 3번출구,1651
강남구,학여울1팀,2306. 압구정역 2번 출구 옆,1658
영등포구,영남1팀,280. 양평동6차현대아파트 앞,1661
성북구,훈련원2팀,1354. 고려대학교 2번출구,1662
송파구,천호2팀,1297. 석촌호수교차로(동호 팔각정 앞),1663
종로구,훈련원1팀,3413.종로플레이스,1665
성동구,중랑2팀,514. 성수사거리 버스정류장 앞,1666
송파구,학여울2팀,1220. 잠실근린공원,1671
동작구,영남2팀,2015. 신대방삼거리역 6번출구쪽,1671
서대문구,상암2팀,176. 명지대학교 도서관,1677
도봉구,도봉3팀,1720. 도봉구청 옆(중랑천변),1679
서대문구,상암2팀,133. 해담는다리,1681
양천구,영남1팀,771.목동아파트 703동 앞,1683
송파구,천호2팀,2628.문정역 1번출구,1686
마포구,상암1팀,421. 마포구청 앞,1694
양천구,개화4팀,795.양천 해누리타운,1695
송파구,천호2팀,1203. 밀리아나2빌딩 앞,1695
영등포구,영남3팀,213. KT앞,1697
양천구,개화4팀,779. 신정1동 주민센터 앞,1700
마포구,상암1팀,130. 신촌역(2호선) 7번출구 앞,1701
금천구,천왕3팀,1827. 독산보도육교 앞 자전거 보관소,1703
영등포구,영남3팀,4592. 신길우성4차아파트,1706
강서구,개화1팀,1102. 방화사거리 마을버스 버스정류장,1706
영등포구,영남3팀,224. 롯데캐슬 앞,1713
중랑구,중랑3팀,1438. 홈플러스 신내점 앞,1715
강북구,도봉4팀,1531. 미아사거리 1번 출구,1716
성동구,중랑2팀,560. 비전교회 앞,1719
강남구,학여울1팀,2348. 포스코사거리(기업은행),1721
구로구,천왕2팀,1904. 도림천역 1번 출구 앞,1723
광진구,중랑1팀,540. 군자역 7번출구 베스트샵 앞,1728
노원구,도봉2팀,1617. 하계동 중평어린이공원 앞,1730
중랑구,중랑3팀,1447. 면목역 3번출구,1736
강서구,개화3팀,3769. 증미역 2번출구,1736
송파구,학여울2팀,4868. 석촌호수 서호 남단,1739
송파구,학여울2팀,2613. 잠실나들목,1740
광진구,중랑1팀,3536. 중앙농협(자양동),1741
강북구,도봉4팀,1503. 이디야 커피 수유역점 앞,1742
강북구,도봉4팀,1512. 강북중학교 앞,1744
송파구,학여울2팀,1246. 문정 법조단지10,1746
성동구,중랑2팀,563. 성동세무서 건너편,1748
성북구,훈련원2팀,1363. 보문4교 인근,1748
영등포구,영남1팀,236. 문래동자이아파트 앞,1749
관악구,영남2팀,2176. 보라매공원 보도육교,1750
광진구,중랑1팀,548. 자양나들목,1750
노원구,도봉2팀,4046. 경춘선 숲길,1751
송파구,천호2팀,1201. 가락시장역 3번 출구,1751
영등포구,영남1팀,287. 영등포전화국사거리 (서강어린이공원),1752
동대문구,훈련원3팀,680.꿈마루어린이도서관 앞,1753
성동구,중랑2팀,587. 유니베라 앞,1756
영등포구,영남1팀,232. 양평우림 이비즈센타 앞,1764
광진구,중랑1팀,588. 뚝섬 유원지역,1764
노원구,도봉2팀,1643. 태릉입구역 8번출구,1764
성동구,중랑2팀,508. 성수아카데미타워 앞,1768
송파구,학여울2팀,1231. 잠실역 6번출구,1768
성북구,훈련원2팀,1351. 안암2교 옆,1781
동대문구,훈련원3팀,612. 시립동부병원 앞 사거리,1783
강서구,개화1팀,1163. 방화동강서기동대앞,1786
동대문구,훈련원3팀,613. 신설동역 10번출구 앞,1789
양천구,개화3팀,755. 목동1단지아파트 상가 앞,1789
강서구,개화1팀,3772. 길성그랑프리텔아파트,1791
중구,세종로 4팀,370. 시청역(2호선) 9번출구 뒤,1792
영등포구,영남1팀,229. 양평1 보행육교 앞,1794
광진구,중랑1팀,592. 건국대학교 학생회관,1794
강서구,개화1팀,1195. 코오롱One&Only타워,1795
마포구,상암1팀,154. 마포구청역,1796
성동구,중랑2팀,3513. 상왕십리역 1번출구,1798
성동구,중랑2팀,559. 왕십리역 4번 출구 건너편,1799
광진구,중랑1팀,3520. 광진경찰서,1804
종로구,세종로1팀,302. 경복궁역 4번출구 뒤,1809
양천구,영남1팀,4508. 유원목동아파트 103동 앞,1809
송파구,천호2팀,1248. 방이초등학교,1817
양천구,영남1팀,723. SBS방송국,1820
노원구,도봉2팀,1655. 공릉1단지아파트,1822
도봉구,도봉3팀,4065. 창동역 1번출구 앞,1824
송파구,학여울2팀,1243. 문정 법조단지7,1826
강동구,천호1팀,1084. 윤선생빌딩(JYP사옥),1828
양천구,천왕1팀,729. 서부식자재마트 건너편,1830
영등포구,영남1팀,4574. 영등포시장역 포레나영등포,1831
송파구,학여울2팀,2632.석촌고분역 2번 출구,1833
강서구,개화1팀,1103. 방화역 4번출구앞,1834
강서구,개화3팀,3789. 염창나들목,1835
양천구,영남1팀,791.현대하이페리온,1836
영등포구,영남3팀,222. 시범아파트버스정류장 옆,1837
영등포구,영남1팀,227. 양평2나들목 보행통로 입구,1838
동대문구,훈련원4팀,4122. 청계9가교차로 앞,1839
중랑구,중랑3팀,1452. 겸재교 진입부,1840
양천구,개화3팀,735. 영도초등학교,1841
성동구,중랑2팀,3559.성동구민종합체육센터 앞,1842
성동구,중랑2팀,4353. 코오롱디지털타워 3차앞,1846
종로구,훈련원1팀,3421.혜화역 1번출구,1851
종로구,세종로2팀,316. 종각역 1번출구 앞,1855
종로구,훈련원1팀,3422.성균관대 정문,1858
마포구,상암1팀,114. 홍대입구역 8번출구 앞,1859
양천구,개화4팀,4515. 동문굿모닝탑,1864
성북구,훈련원2팀,1328. 월곡역 3번출구,1875
마포구,상암1팀,183. 하늘채코오롱아파트 건너편,1880
강동구,천호1팀,1011. LIGA 아파트 앞,1882
구로구,천왕2팀,1986. 태평양물산빌딩,1884
광진구,중랑1팀,3504. 원일교회,1889
종로구,세종로1팀,303. 광화문역 1번출구 앞,1890
송파구,학여울2팀,2615. 테라타워2,1894
송파구,천호2팀,4864. 송파사거리,1895
중구,세종로1팀,4768. 서울도시건축전시관,1895
동대문구,훈련원3팀,614. 용두동 사거리,1896
마포구,상암1팀,4213. 마포구중앙도서관 정문 앞,1896
광진구,중랑1팀,584. 광진광장 교통섬,1899
마포구,상암1팀,144. 공덕역 8번출구,1903
노원구,도봉1팀,1636. 상계주공2단지 버스정류장 옆,1904
송파구,천호2팀,1268. 몽촌토성역 1번출구 옆,1914
양천구,개화3팀,744. 신목동역 2번 출구,1915
성북구,훈련원2팀,1321. 국민은행 종암동지점 앞,1918
마포구,상암1팀,497.합정동주민센터 앞,1918
광진구,중랑1팀,3881. 신자초교입구 교차로,1921
강동구,천호1팀,1010. 강동세무서,1928
구로구,천왕2팀,1996. 구일역 1번 출입구 앞,1929
강서구,개화1팀,1162. 공항초등학교건너편,1933
양천구,영남1팀,781.신정보도육교 아래,1935
광진구,중랑1팀,3500. 군자역2번출구,1942
송파구,천호2팀,4452. 삼성SDS,1952
광진구,중랑1팀,3542. 래미안 구의파크 스위트,1955
금천구,천왕3팀,1851. 가산디지털단지 7번출구,1957
중랑구,중랑3팀,1451. 중랑세무서,1957
성동구,중랑2팀,512. 뚝섬역 1번 출구 옆,1957
은평구,상암2팀,913. 이마트 버스정류장(서부경찰서 방면),1957
양천구,개화3팀,4531. 목동아파트 613동 앞,1957
송파구,학여울2팀,2647.잠실 자전거 수리센터 앞,1965
도봉구,도봉3팀,4076. 진영상운 앞 중랑천 변,1966
송파구,천호1팀,2611. 송파지역자활센터 뒤,1967
영등포구,영남3팀,278. 쌍용플레티넘오피스텔,1968
송파구,학여울2팀,1244. 문정 법조단지8,1968
구로구,천왕2팀,1914. 대림역4번출구,1970
영등포구,영남1팀,275. 신동아아파트,1976
강동구,천호1팀,3680. 강동역3번출구,1987
양천구,개화4팀,704. 남부법원검찰청 교차로,1989
양천구,영남1팀,780.신정교 하부,1989
노원구,도봉1팀,1662. 노원역7번출구,1990
마포구,상암1팀,146. 마포역 2번출구 뒤,1991
구로구,천왕2팀,1946. 구로역 광장,1996
동대문구,훈련원4팀,648. 장안동위더스빌옆,1996
마포구,상암1팀,498.연남동주민센터 앞,2000
종로구,훈련원1팀,3410.종로3가역 8번출구,2001
노원구,도봉2팀,2921.중계역 2번출구,2001
관악구,영남2팀,2107. 도림천 신화교,2003
은평구,상암3팀,906. 연신내역 5번출구,2004
동대문구,훈련원4팀,630. 동대문구 보건소,2005
강서구,개화3팀,1122. 황금내근린공원,2008
강서구,개화1팀,2719.마곡문화공원,2012
영등포구,영남1팀,3202.당산롯데캐슬프레스티지,2020
강동구,천호1팀,3668. 성내삼성아파트,2020
광진구,중랑1팀,505. 자양사거리 광진아크로텔 앞,2020
강서구,개화2팀,1182. KBS 스포츠월드,2023
마포구,상암1팀,184. 7번가피자 서교망원점,2023
강서구,개화1팀,"1191. 마곡역 버스정류장(마곡나루역1번출구, 웰튼병원 방면)",2030
성동구,중랑2팀,568. 청계8가사거리 부근,2030
송파구,학여울2팀,2646.레이크펠리스101동앞,2031
강동구,천호1팀,3681. 길동 마루빌딩,2034
양천구,개화4팀,4509. 서울영상고교 입구,2035
동대문구,훈련원3팀,677.청량리역 4번 5번출구 사이,2044
은평구,상암2팀,914. 새절역 2번출구,2048
종로구,훈련원1팀,342. 대학로 마로니에공원,2052
영등포구,영남1팀,291. 문래동 하이테크 시티,2052
동대문구,훈련원4팀,641. 용두역 4번출구,2054
영등포구,영남3팀,206. KBS 앞,2057
강서구,개화1팀,2723.마곡 필네이처,2059
마포구,상암1팀,415. DMC역 9번출구 앞,2061
마포구,상암1팀,4233. 코오롱아파트사거리,2061
강서구,개화2팀,1180. 마곡엠밸리 15단지(1502동) 건너편,2064
송파구,학여울2팀,2641.송파역 4번출구,2069
송파구,학여울2팀,1232. 잠실주공 521동 건너편,2071
송파구,천호2팀,1218. 방이역 4번출구,2073
광진구,중랑1팀,551. 구의삼성쉐르빌 앞,2082
광진구,중랑1팀,500. 어린이대공원역 3번출구 앞,2082
송파구,천호2팀,2621. 한성백제역 2번 출구,2084
광진구,중랑1팀,549. 아차산역 3번출구,2086
강서구,개화3팀,3780. 등촌서광아파트,2091
마포구,상암1팀,103. 망원역 2번출구 앞,2095
광진구,중랑1팀,3570.구의역 리버비스타 오피스텔,2108
송파구,학여울2팀,1293. 석촌호수 서호 사거리,2109
송파구,천호2팀,2610. 송리단길,2110
서대문구,상암2팀,131. 증산2교,2113
광진구,중랑1팀,3579.광진 캠퍼스시티,2114
강서구,개화1팀,1106. 신방화사거리,2122
성동구,중랑2팀,3514. 왕십리교회옆,2123
영등포구,영남1팀,243. 이앤씨드림타워 앞,2124
관악구,영남2팀,2109. 은천로입구 가로공원,2125
강동구,천호1팀,1024. 강동구청 앞,2129
구로구,천왕2팀,2824.미래사랑어린이공원 앞,2132
송파구,천호2팀,4865. 한성백제역 1번출구 뒤,2132
동대문구,훈련원4팀,623. 서울시립대 정문 앞,2143
양천구,개화3팀,746. 목동2단지 상가,2151
영등포구,영남1팀,245. 삼성생명 당산사옥 앞,2152
은평구,상암2팀,996.응암역2번출구 국민은행 앞,2155
강서구,개화3팀,1118. 증미역 3번출구뒤(등촌두산위브센티움오피스텔),2156
구로구,천왕2팀,1955. 디지털입구 교차로,2157
광진구,중랑1팀,574. 아차산역4번출구,2158
동대문구,훈련원3팀,659. 제기역1번출구,2158
강서구,개화3팀,1173. 강서구청사거리(SH타워),2168
양천구,영남1팀,797.목동아파트 1422동 1434동 사잇길,2175
강서구,개화1팀,1197. 엠펠리체 호텔 건너편,2176
강서구,개화1팀,1151. 마곡역1번출구,2178
동대문구,훈련원3팀,670.삼육서울병원 버스정류장,2179
용산구,세종로3팀,870.노들섬 서측 앞,2180
종로구,세종로1팀,458. 광화문역 5번출구,2187
동작구,영남2팀,2050. 노량진역 5번출구,2190
강서구,개화3팀,1157. 강서구청,2201
송파구,학여울2팀,2623.석촌동 주민센터,2202
노원구,도봉2팀,1663. 동해문화예술관앞,2203
강남구,학여울2팀,2377. 수서역 5번출구,2208
영등포구,영남3팀,249. 여의도중학교 옆,2209
양천구,영남1팀,764. 목동청소년수련관,2213
영등포구,영남1팀,283. 아크로타워 스퀘어(영등포시장),2218
강서구,개화3팀,2704.홈플러스(강서점),2224
양천구,개화3팀,726. 목동3단지 시내버스정류장,2225
종로구,훈련원1팀,393. 동대문역 8번 출구,2226
송파구,천호2팀,1209. 잠실나루역 (2번 출구 쪽),2232
송파구,천호2팀,1251. 석촌역 2번출구,2237
노원구,도봉2팀,1650. 중계근린공원내,2237
영등포구,영남3팀,3219.영등포역 1번출구,2241
노원구,도봉2팀,4029. 청소년수련관 후문,2241
영등포구,영남3팀,276. 영등포로터리2,2254
노원구,도봉2팀,1610. 화랑대역 2번출구 앞,2254
강동구,천호1팀,1090.상일동역 2번출구 앞,2262
영등포구,영남3팀,217. NH농협은행 앞,2272
강북구,도봉4팀,1569.수유역2번출구,2279
광진구,중랑1팀,3534. 건대입구역 5번출구 뒤,2284
성북구,훈련원2팀,1355. 보문2교,2286
강서구,개화3팀,2708.강서한강자이타워 앞,2287
마포구,상암1팀,418. 월드컵경기장역 3번출구 옆,2289
마포구,상암1팀,147. 마포역 4번출구 뒤,2293
양천구,천왕1팀,787.양천아파트 입구,2297
노원구,도봉2팀,4027. 한내 행복발전소 옆,2314
강동구,천호1팀,1008. 암사역 3번출구(국민은행앞),2316
동대문구,훈련원4팀,668.서울축산농협(장안지점),2323
영등포구,영남1팀,293. 충북 미래관,2327
송파구,천호2팀,4457. 아산병원 기숙사 부근,2337
강서구,개화1팀,2717.LG유플러스 마곡사옥,2340
광진구,중랑1팀,3509. 세종사이버대학교,2354
성동구,중랑2팀,3515. 서울숲 관리사무소,2360
동작구,이수2팀,2025. 흑석역 1번출구,2371
강동구,천호1팀,1019. 다성이즈빌아파트(호원대 대각선 맞은편),2377
양천구,개화4팀,734. 신트리공원 입구,2382
강서구,개화2팀,1167. 마곡수명산파크3단지 교차로,2385
강서구,개화2팀,2739.수명산파크1단지교차로,2388
마포구,상암1팀,3002.벽산상암스마트큐브,2389
중구,훈련원1팀,383. 신당역 12번 출구 뒤,2389
노원구,도봉2팀,1608. 공릉역 1번 출구 앞,2393
동대문구,훈련원3팀,634. 외국어대 정문 앞,2399
금천구,천왕2팀,1867.대륭포스트타워6차 앞,2404
구로구,천왕1팀,1925. 동양미래대학교 정문 옆,2407
영등포구,영남1팀,263. 근로자회관 사거리,2418
송파구,학여울2팀,2639.석촌역 8번출구,2419
강서구,개화1팀,1193. 마곡센트럴타워 1차,2423
강서구,개화2팀,1184. 마곡13단지,2439
도봉구,도봉3팀,1721. 창동역 2번출구,2461
강서구,개화2팀,5052. 마곡역 7번출구,2461
은평구,상암3팀,931. 역촌파출소,2463
광진구,중랑1팀,3575. 자양사거리(서원빌딩),2465
송파구,천호1팀,1264. 천호역 10번 출구 앞,2465
서초구,이수3팀,2262. 한신16차아파트 119동 앞,2466
노원구,도봉1팀,1653. 노원역1번출구,2469
동대문구,훈련원4팀,631. 답십리역 1번출구,2471
노원구,도봉2팀,1684. 태릉입구역 5번출구,2471
서대문구,상암2팀,117. 홍은사거리,2490
영등포구,영남1팀,4561. 양평역 1번출구,2493
강서구,개화1팀,2721.등촌1-10단지 교차로,2513
노원구,도봉2팀,2919.등나무 근린공원(시립북서울미술관 앞),2523
노원구,도봉1팀,1674. 서울북부고용센터앞,2547
광진구,중랑1팀,3501. 광진구청 앞,2551
영등포구,영남3팀,259. 대방역6번출구,2567
강동구,천호1팀,1050. 둔촌역 3번 출입구,2573
용산구,세종로3팀,853.용산역 맞은편,2596
종로구,훈련원1팀,361. 동묘앞역 1번출구 뒤,2606
강동구,천호1팀,1044. 굽은다리역,2607
마포구,상암1팀,106. 합정역 7번출구 앞,2608
강서구,개화3팀,1117. 등촌5단지아파트 버스정류장,2619
영등포구,영남1팀,240. 문래역 4번출구 앞,2619
강동구,천호1팀,1020. 강동경찰서,2621
마포구,상암1팀,419. 홈플러스 앞,2622
마포구,상암1팀,186. 월드컵공원,2631
마포구,상암1팀,102. 망원역 1번출구 앞,2641
양천구,영남1팀,708. 서울출입국관리사무소 앞,2649
강서구,개화2팀,2733.마곡13단지 정문 앞,2665
노원구,도봉2팀,1601. 석계역 문화광장 내 자전거 보관소,2695
중구,훈련원1팀,431. 청계천 영도교,2698
노원구,도봉2팀,1611. 과기대 입구(우),2702
동대문구,훈련원4팀,602. 장안동 사거리,2703
구로구,천왕2팀,1985. 구로도서관,2718
송파구,천호2팀,4870. 몽촌토성역 3번 출구,2733
성동구,중랑2팀,583. 청계천 생태교실 앞,2742
강서구,개화1팀,2720.힐스테이트에코,2748
송파구,학여울2팀,1222. 잠실새내역 5번 출구 뒤,2760
영등포구,영남1팀,228. 선유도역 3번출구 앞,2764
동작구,영남2팀,2002. 노들역 1번출구,2775
관악구,영남2팀,2135. 신림역 5번출구,2792
영등포구,영남1팀,4571. 문래동롯데캐슬아파트,2797
강서구,개화1팀,2744.강서세무서 앞,2825
광진구,중랑1팀,3541. 커먼그라운드,2844
강서구,개화1팀,1166. 강서구립등빛도서관,2862
마포구,상암1팀,3010.홍대입구역 3번출구,2887
광진구,중랑1팀,3571.화양 APT(횡단보도 옆),2892
양천구,영남1팀,703. 오목교역 7번출구 앞,2913
성동구,중랑2팀,585. 성수2가1동 공영주차장 인근,2914
강서구,개화2팀,1125. 명덕고교입구(영종빌딩),2918
성동구,중랑2팀,509. 이마트 버스정류소 옆,2955
강서구,개화1팀,1112. 마곡엠밸리4단지 정문,2963
강서구,개화2팀,1152. 마곡역교차로,2967
양천구,영남1팀,769.CBS방송국 앞,2968
강서구,개화1팀,1149. 신방화역환승주차장,2984
성동구,중랑2팀,3600.사근빗물펌프장 건너편,3021
광진구,중랑1팀,3518. 군자역 7번출구뒤,3057
노원구,도봉1팀,1625. 상계역(4번출구),3073
강서구,개화2팀,3798. 그랜드아이파크아파트 앞,3075
송파구,천호2팀,1211. 방이삼거리,3089
영등포구,영남1팀,262. 영문초등학교 사거리,3100
영등포구,영남1팀,4565. 영등포 신세계백화점,3120
성동구,중랑2팀,3511. 응봉역 1번출구,3144
양천구,영남1팀,792.목동트라팰리스 웨스턴에비뉴,3206
광진구,중랑1팀,3569.건대병원후문,3216
서초구,이수3팀,"2219. 고속터미널역 8-1번, 8-2번 출구 사이",3245
양천구,개화4팀,"785.양천구청, 보건소 사잇길",3263
강동구,천호1팀,1009. 천호역4번출구(현대백화점),3269
성동구,중랑2팀,589. 성수역3번출구,3332
강서구,개화1팀,1160. 양천향교역 7번출구앞,3359
노원구,도봉1팀,1637. KT 전화국 버스정류장 옆,3373
은평구,상암2팀,907. CJ 드림시티,3382
영등포구,영남3팀,274. 영등포역지하쇼핑센타 5번출구,3386
영등포구,영남3팀,202. 국민일보 앞,3393
송파구,천호2팀,1295. 잠실역 8번출구,3404
구로구,천왕2팀,3904. 테크노마트 앞,3412
성동구,중랑2팀,567. 성수역 2번출구 앞,3436
송파구,천호2팀,2620. 송파나루역 4번 출구옆,3447
관악구,영남2팀,2183. 동방1교,3478
양천구,영남1팀,765. 오목교역 3번출구,3611
관악구,영남2팀,2173. 당곡사거리,3623
송파구,천호2팀,2608. 송파구청,3690
동대문구,훈련원4팀,646. 장한평역 1번출구,3728
강서구,개화2팀,1124. 발산역 6번 출구 뒤,3928
성동구,중랑2팀,565. 옥수역 3번출구,3943
마포구,상암1팀,113. 홍대입구역 2번출구 앞,4031
성북구,훈련원2팀,1308. 안암로터리 버스정류장 앞,4253
영등포구,영남1팀,272. 당산육갑문,4284
광진구,중랑1팀,3533. 건대입구역 사거리(롯데백화점),4303
송파구,천호2팀,2622. 올림픽공원역 3번출구,4317
영등포구,영남1팀,230. 영등포구청역 1번출구,4477
강서구,개화1팀,2728.마곡나루역 3번 출구,4486
강서구,개화3팀,1158. 가양역 8번출구,4519
구로구,천왕2팀,1906. 신도림역 1번 출구 앞,4633
영등포구,영남1팀,247. 당산역 10번출구 앞,4647
구로구,천왕2팀,1911. 구로디지털단지역 앞,4671
양천구,영남1팀,770.목동역5번출구 교통정보센터 앞,4743
강서구,개화1팀,"1153. 발산역 1번, 9번 인근 대여소",5009
관악구,영남2팀,2177. 신대방역 2번 출구,5059
영등포구,영남3팀,210. IFC몰,5381
강서구,개화1팀,2701. 마곡나루역 5번출구 뒤편,5964
관악구,영남2팀,2102. 봉림교 교통섬,5987
송파구,천호2팀,1210. 롯데월드타워(잠실역2번출구 쪽),6256
마포구,상암1팀,4217. 한강공원 망원나들목,7763
강서구,개화1팀,2715.마곡나루역 2번 출구,8019
광진구,중랑1팀,502. 뚝섬유원지역 1번출구 앞,8513
영등포구,영남3팀,207. 여의나루역 1번출구 앞,9385
